fidelity,sigma_frac,variant,station,network,budget_mm,seed,epoch_h,year,unsafe_pct,severe_pct,water_mm,dup,dup_mm,sent,resends,gen,withheld,withheld_saline,awd_eff,awd_short,awd_dry_h,stress_h,mm_per_cmd,cmd_per_day,rmse
wide,0.02,FULL (de xuat),can_tho,severe,240.0,7,24,2024,1.25,0.0,240.0,4,80.0,44,30,14,76,0,9,0,928,1198,20.0,0.156,1.61
wide,0.02,FULL (de xuat),can_tho,severe,240.0,11,24,2024,0.0,0.0,240.0,3,60.0,36,24,12,78,0,9,0,1560,1156,20.0,0.133,1.4667
wide,0.02,- whatif (twin->predictor),can_tho,severe,240.0,7,24,2024,53.4259,0.0,240.0,1,60.0,15,11,4,86,0,0,0,1889,1507,60.0,0.044,0.1807
wide,0.02,- whatif (twin->predictor),can_tho,severe,240.0,11,24,2024,55.6019,0.0,240.0,2,120.0,4,2,2,88,0,0,0,1932,1537,60.0,0.022,0.1864
wide,0.02,- T2 (gui lai mu),can_tho,severe,240.0,7,24,2024,0.0,0.0,240.0,4,80.0,71,63,8,82,0,8,0,1483,1209,20.0,0.089,3.8509
wide,0.02,- T2 (gui lai mu),can_tho,severe,240.0,11,24,2024,1.6204,0.0,240.0,5,100.0,35,28,7,83,0,7,0,1459,1163,20.0,0.078,2.1995
wide,0.02,- tai neo cam bien,can_tho,severe,240.0,7,24,2024,12.963,0.0,200.0,2,40.0,37,25,12,78,0,5,3,980,1327,20.0,0.133,7.2748
wide,0.02,- tai neo cam bien,can_tho,severe,240.0,11,24,2024,6.9907,0.0,240.0,3,60.0,35,23,12,78,0,3,5,679,1124,20.0,0.133,10.4388
wide,0.02,- epoch cap (quyet dinh moi gio),can_tho,severe,240.0,7,1,2024,3.4722,0.0,240.0,4,80.0,24,16,8,2136,0,5,3,1459,1213,20.0,0.089,0.9623
wide,0.02,- epoch cap (quyet dinh moi gio),can_tho,severe,240.0,11,1,2024,0.0,0.0,240.0,3,60.0,35,23,12,2125,0,6,4,1540,1324,20.0,0.133,1.4818
wide,0.02,- cong chance-constrained,can_tho,severe,240.0,7,24,2024,34.6759,0.0,240.0,1,60.0,13,9,4,0,0,0,1,1518,1191,60.0,0.044,1.1906
wide,0.02,- cong chance-constrained,can_tho,severe,240.0,11,24,2024,34.6759,0.0,240.0,2,120.0,9,6,3,0,0,0,1,1517,1190,60.0,0.033,0.8307
wide,0.02,- luat thich ung (centre co dinh),can_tho,severe,240.0,7,24,2024,11.3426,0.0,240.0,3,60.0,41,26,15,75,0,1,7,1167,1016,20.0,0.167,1.4907
wide,0.02,- luat thich ung (centre co dinh),can_tho,severe,240.0,11,24,2024,11.3426,0.0,240.0,5,100.0,50,35,15,75,0,1,4,1145,999,20.0,0.167,1.6666
wide,0.02,Oracle (thong tin hoan hao),can_tho,severe,240.0,7,24,2024,0.0,0.0,200.0,2,40.0,31,21,10,0,0,10,0,1824,1470,20.0,0.111,1.8232
wide,0.02,Oracle (thong tin hoan hao),can_tho,severe,240.0,11,24,2024,0.0,0.0,200.0,2,40.0,38,28,10,0,0,10,0,1831,1470,20.0,0.111,1.7213
narrow,0.1,FULL (de xuat),can_tho,severe,240.0,7,24,2024,12.6852,0.0,240.0,2,60.0,36,24,12,78,0,1,7,1333,1139,24.0,0.133,1.6666
narrow,0.1,FULL (de xuat),can_tho,severe,240.0,11,24,2024,8.3333,0.0,240.0,3,60.0,57,40,17,73,0,1,8,1315,1118,21.82,0.189,1.8257
narrow,0.1,- whatif (twin->predictor),can_tho,severe,240.0,7,24,2024,52.4537,0.0,120.0,0,0.0,9,6,3,87,0,1,0,1402,1418,60.0,0.033,1.1224
narrow,0.1,- whatif (twin->predictor),can_tho,severe,240.0,11,24,2024,41.25,0.0,240.0,1,60.0,15,10,5,85,0,0,0,1644,1249,60.0,0.056,1.2848
narrow,0.1,- T2 (gui lai mu),can_tho,severe,240.0,7,24,2024,12.5,0.0,240.0,4,80.0,46,38,8,82,0,0,8,1161,998,20.0,0.089,2.1345
narrow,0.1,- T2 (gui lai mu),can_tho,severe,240.0,11,24,2024,15.5093,0.0,240.0,5,100.0,33,26,7,83,0,0,7,1195,1004,20.0,0.078,1.8256
narrow,0.1,- tai neo cam bien,can_tho,severe,240.0,7,24,2024,57.8241,0.0,0.0,0,0.0,0,0,0,90,0,0,0,1978,1584,0.0,0.0,0.0
narrow,0.1,- tai neo cam bien,can_tho,severe,240.0,11,24,2024,57.8241,0.0,0.0,0,0.0,0,0,0,90,0,0,0,1978,1584,0.0,0.0,0.0
narrow,0.1,- epoch cap (quyet dinh moi gio),can_tho,severe,240.0,7,1,2024,14.2593,0.0,240.0,4,80.0,31,20,11,2129,0,0,4,1088,920,20.0,0.122,1.1386
narrow,0.1,- epoch cap (quyet dinh moi gio),can_tho,severe,240.0,11,1,2024,13.4722,0.0,240.0,1,20.0,45,31,14,2115,0,0,7,1129,1019,20.0,0.156,1.6655
narrow,0.1,- cong chance-constrained,can_tho,severe,240.0,7,24,2024,34.6759,0.0,240.0,1,60.0,13,9,4,0,0,0,1,1518,1191,60.0,0.044,1.1906
narrow,0.1,- cong chance-constrained,can_tho,severe,240.0,11,24,2024,34.6759,0.0,240.0,2,120.0,9,6,3,0,0,0,1,1517,1190,60.0,0.033,0.8307
narrow,0.1,- luat thich ung (centre co dinh),can_tho,severe,240.0,7,24,2024,12.6852,0.0,240.0,2,60.0,36,24,12,78,0,1,7,1333,1139,24.0,0.133,1.6666
narrow,0.1,- luat thich ung (centre co dinh),can_tho,severe,240.0,11,24,2024,8.3333,0.0,240.0,3,60.0,57,40,17,73,0,1,8,1315,1118,21.82,0.189,1.8257
narrow,0.1,Oracle (thong tin hoan hao),can_tho,severe,240.0,7,24,2024,0.0,0.0,200.0,2,40.0,31,21,10,0,0,10,0,1824,1470,20.0,0.111,1.8232
narrow,0.1,Oracle (thong tin hoan hao),can_tho,severe,240.0,11,24,2024,0.0,0.0,200.0,2,40.0,38,28,10,0,0,10,0,1831,1470,20.0,0.111,1.7213
