b1_confirm,b1_confirm_tot,b1_seen,b2_confirm,b2_confirm_tot,b2_seen,b3_confirm,b3_confirm_tot,b3_seen,b4_confirm,b4_confirm_tot,b4_seen,changed,eta,n_claim_forged,n_claim_honest,n_truth_phase,ndry_claim_forged,ndry_claim_honest,pump_mm,seed,soil,station,t0_detect,t0_fa,t1_detect,t1_fa,t2_detect,t2_fa,thr,v2_f5_f,v2_f5_h,year
0,4,0,2,4,15,1,4,8,4,4,2160,1,0.639,6,6,4,7,6,245.0,0,sandy_loam,can_tho,1,1,0,0,1,0,0.634,0,0,2024
0,0,0,0,0,15,0,0,8,0,0,2160,0,0.769,8,8,0,7,7,230.0,2,sandy_loam,can_tho,0,1,0,0,0,0,0.572,0,0,2024
0,3,0,3,3,15,3,3,8,3,3,2160,0,0.77,3,3,3,4,4,130.0,3,silt_loam,can_tho,0,1,0,0,0,0,0.704,0,0,2024
0,6,0,3,6,15,2,6,8,6,6,2160,0,0.812,6,6,6,6,6,160.0,5,silty_clay_loam,can_tho,0,1,0,0,0,0,0.679,0,0,2024
0,5,0,5,5,15,3,5,8,5,5,2160,0,0.75,5,5,5,6,6,170.0,6,clay,can_tho,0,1,0,0,0,0,0.648,0,0,2024
0,4,0,4,4,15,3,4,8,4,4,2160,0,0.712,5,5,4,6,6,150.0,7,silt_loam,can_tho,0,1,0,0,0,0,0.666,0,0,2024
0,2,0,0,2,15,0,2,8,2,2,2160,1,0.685,7,7,2,7,4,215.0,8,silt_loam,can_tho,0,0,0,0,1,0,0.558,0,0,2024
0,4,0,4,4,15,2,4,8,4,4,2160,0,0.796,4,4,4,5,5,110.0,0,clay,soc_trang,0,0,0,0,0,0,0.694,0,0,2024
0,4,0,3,4,15,2,4,8,4,4,2160,1,0.751,5,5,4,7,5,170.0,1,loam,soc_trang,0,0,0,0,1,0,0.671,0,0,2024
0,4,0,2,4,15,2,4,8,4,4,2160,0,0.776,4,4,4,4,4,175.0,3,silt_loam,soc_trang,0,1,0,0,0,0,0.564,0,0,2024
0,7,0,5,7,15,3,7,8,7,7,2160,1,0.775,5,5,7,7,6,195.0,4,clay,soc_trang,1,1,1,1,1,0,0.599,0,0,2024
0,3,0,3,3,15,2,3,8,3,3,2160,0,0.806,3,3,3,4,4,120.0,5,sandy_loam,soc_trang,0,0,0,0,0,0,0.731,0,0,2024
0,7,0,4,7,15,3,7,8,7,7,2160,0,0.84,5,5,7,5,5,145.0,6,sandy_loam,soc_trang,0,0,0,0,0,0,0.634,0,0,2024
0,6,0,5,6,15,3,6,8,6,6,2160,1,0.791,5,5,6,7,6,160.0,7,loam,soc_trang,1,1,0,0,1,0,0.632,0,0,2024
0,3,0,3,3,15,2,3,8,3,3,2160,0,0.601,4,4,3,5,5,150.0,0,sandy_loam,ca_mau,0,1,0,0,0,0,0.684,0,0,2024
0,3,0,1,3,15,0,3,8,3,3,2160,1,0.657,5,5,3,8,5,180.0,1,clay,ca_mau,0,0,0,0,1,0,0.607,0,0,2024
0,3,0,3,3,15,2,3,8,3,3,2160,0,0.635,3,3,3,4,4,150.0,2,clay,ca_mau,0,1,0,0,0,0,0.675,0,0,2024
0,4,0,4,4,15,1,4,8,4,4,2160,0,0.716,3,3,4,3,3,165.0,3,silt_loam,ca_mau,0,1,0,1,0,0,0.634,0,0,2024
0,6,0,5,6,15,2,6,8,6,6,2160,1,0.832,5,5,6,6,5,145.0,4,sandy_loam,ca_mau,1,1,0,0,1,0,0.661,0,0,2024
0,3,0,3,3,15,3,3,8,3,3,2160,0,0.813,3,3,3,4,4,80.0,8,clay,ca_mau,0,0,0,0,0,0,0.692,0,0,2024
0,2,0,1,2,15,0,2,8,2,2,2160,0,0.843,5,5,2,6,6,150.0,9,silty_clay_loam,ca_mau,0,1,0,0,0,0,0.554,0,0,2024
0,3,0,2,3,15,1,3,8,3,3,2160,1,0.81,3,3,3,4,3,85.0,6,silt_loam,can_tho,0,0,0,0,1,0,0.571,0,0,2025
0,4,0,2,4,15,2,4,8,4,4,2160,1,0.677,3,3,4,4,3,85.0,7,sandy_loam,soc_trang,0,0,0,0,1,0,0.648,0,0,2025
