conf_anchor,conf_iot,conf_photo,conf_s1a,conf_s1ab,n_claims,n_phase,seed,seen_anchor,seen_iot,seen_photo,seen_s1a,seen_s1ab,soil,station,total_dry_h,year
4,4,0,1,2,6,4,0,2153,2153,0,8,15,sandy_loam,can_tho,373,2024
1,1,0,1,1,2,1,1,2153,2153,0,8,15,silt_loam,can_tho,1051,2024
0,0,0,0,0,8,0,2,2153,2153,0,8,15,sandy_loam,can_tho,0,2024
3,3,0,3,3,3,3,3,2153,2153,0,8,15,silt_loam,can_tho,853,2024
1,1,0,1,1,1,1,4,2153,2153,0,8,15,silt_loam,can_tho,1067,2024
6,6,0,2,3,6,6,5,2153,2153,0,8,15,silty_clay_loam,can_tho,832,2024
5,5,0,3,5,5,5,6,2153,2153,0,8,15,clay,can_tho,781,2024
4,4,0,3,4,5,4,7,2153,2153,0,8,15,silt_loam,can_tho,1125,2024
2,2,0,0,0,7,2,8,2153,2153,0,8,15,silt_loam,can_tho,172,2024
2,2,0,2,2,1,2,9,2153,2153,0,8,15,loam,can_tho,1142,2024
4,4,0,2,4,4,4,0,2153,2153,0,8,15,clay,soc_trang,996,2024
4,4,0,2,3,5,4,1,2153,2153,0,8,15,loam,soc_trang,864,2024
2,2,0,2,2,1,2,2,2153,2153,0,8,15,sandy_loam,soc_trang,1273,2024
4,4,0,2,2,4,4,3,2153,2153,0,8,15,silt_loam,soc_trang,358,2024
7,7,0,3,5,5,7,4,2153,2153,0,8,15,clay,soc_trang,631,2024
3,3,0,2,3,3,3,5,2153,2153,0,8,15,sandy_loam,soc_trang,664,2024
7,7,0,3,4,5,7,6,2153,2153,0,8,15,sandy_loam,soc_trang,735,2024
6,6,0,3,5,5,6,7,2153,2153,0,8,15,loam,soc_trang,737,2024
1,1,0,1,1,2,1,8,2153,2153,0,8,15,clay,soc_trang,1155,2024
4,4,0,3,4,2,4,9,2153,2153,0,8,15,loam,soc_trang,782,2024
3,3,0,2,3,4,3,0,2153,2153,0,8,15,sandy_loam,ca_mau,926,2024
3,3,0,0,1,5,3,1,2153,2153,0,8,15,clay,ca_mau,341,2024
3,3,0,2,3,3,3,2,2153,2153,0,8,15,clay,ca_mau,860,2024
4,4,0,1,4,3,4,3,2153,2153,0,8,15,silt_loam,ca_mau,597,2024
6,6,0,2,5,5,6,4,2153,2153,0,8,15,sandy_loam,ca_mau,607,2024
3,3,0,3,3,2,3,5,2153,2153,0,8,15,silty_clay_loam,ca_mau,1010,2024
1,1,0,1,1,0,1,6,2153,2153,0,8,15,silty_clay_loam,ca_mau,1215,2024
1,1,0,1,1,1,1,7,2153,2153,0,8,15,silt_loam,ca_mau,1179,2024
3,3,0,3,3,3,3,8,2153,2153,0,8,15,clay,ca_mau,934,2024
2,2,0,0,1,5,2,9,2153,2153,0,8,15,silty_clay_loam,ca_mau,174,2024
2,2,0,2,2,0,2,0,2153,2153,0,8,15,loam,can_tho,1020,2025
2,2,0,1,1,0,2,1,2153,2153,0,8,15,clay,can_tho,549,2025
0,0,0,0,0,1,0,2,2153,2153,0,8,15,silt_loam,can_tho,0,2025
4,4,0,3,4,0,4,3,2153,2153,0,8,15,loam,can_tho,664,2025
1,1,0,0,0,1,1,4,2153,2153,0,8,15,silty_clay_loam,can_tho,125,2025
1,1,0,1,1,1,1,5,2153,2153,0,8,15,loam,can_tho,176,2025
3,3,0,1,2,3,3,6,2153,2153,0,8,15,silt_loam,can_tho,411,2025
1,1,0,1,1,0,1,7,2153,2153,0,8,15,clay,can_tho,340,2025
1,1,0,1,1,0,1,8,2153,2153,0,8,15,silt_loam,can_tho,1084,2025
2,2,0,2,2,0,2,9,2153,2153,0,8,15,clay,can_tho,206,2025
4,4,0,3,4,0,4,0,2153,2153,0,8,15,sandy_loam,soc_trang,1084,2025
4,4,0,3,4,1,4,1,2153,2153,0,8,15,sandy_loam,soc_trang,704,2025
2,2,0,2,2,2,2,2,2153,2153,0,8,15,silty_clay_loam,soc_trang,488,2025
2,2,0,1,1,0,2,3,2153,2153,0,8,15,clay,soc_trang,935,2025
2,2,0,2,2,1,2,4,2153,2153,0,8,15,clay,soc_trang,861,2025
4,4,0,2,4,2,4,5,2153,2153,0,8,15,clay,soc_trang,918,2025
2,2,0,1,2,0,2,6,2153,2153,0,8,15,silty_clay_loam,soc_trang,1140,2025
4,4,0,2,2,3,4,7,2153,2153,0,8,15,sandy_loam,soc_trang,688,2025
1,1,0,1,1,0,1,8,2153,2153,0,8,15,clay,soc_trang,1259,2025
3,3,0,2,3,1,3,9,2153,2153,0,8,15,loam,soc_trang,962,2025
1,1,0,0,1,1,1,0,2153,2153,0,8,15,sandy_loam,ca_mau,199,2025
1,1,0,1,1,0,1,1,2153,2153,0,8,15,silt_loam,ca_mau,302,2025
0,0,0,0,0,0,0,2,2153,2153,0,8,15,silty_clay_loam,ca_mau,0,2025
0,0,0,0,0,0,0,3,2153,2153,0,8,15,clay,ca_mau,0,2025
1,1,0,1,1,0,1,4,2153,2153,0,8,15,silt_loam,ca_mau,153,2025
1,1,0,1,1,1,1,5,2153,2153,0,8,15,loam,ca_mau,206,2025
1,1,0,1,1,0,1,6,2153,2153,0,8,15,silt_loam,ca_mau,336,2025
1,1,0,1,1,0,1,7,2153,2153,0,8,15,silt_loam,ca_mau,282,2025
0,0,0,0,0,0,0,8,2153,2153,0,8,15,clay,ca_mau,0,2025
0,0,0,0,0,1,0,9,2153,2153,0,8,15,silty_clay_loam,ca_mau,0,2025
