factor,level,station,network,seed,budget_mm,uplink_loss,horizon,sigma_frac,soil,depth_set,unsafe_pct,water_mm,dup,dup_mm,sent,resends,cmd_per_day,resend_per_day,awd_eff,awd_short,stress_h,withheld,mm_per_cmd
F1_uplink,0.15,can_tho,severe,7,240.0,0.15,6,0.02,fc0.32_wp0.18,20x40x60,1.25,240.0,4,80.0,44,30,0.156,0.333,9,0,1198,76,20.0
F1_uplink,0.15,can_tho,severe,11,240.0,0.15,6,0.02,fc0.32_wp0.18,20x40x60,0.0,240.0,3,60.0,36,24,0.133,0.267,9,0,1156,78,20.0
F1_uplink,0.5,can_tho,severe,7,240.0,0.5,6,0.02,fc0.32_wp0.18,20x40x60,1.25,240.0,4,80.0,44,30,0.156,0.333,9,0,1198,76,20.0
F1_uplink,0.5,can_tho,severe,11,240.0,0.5,6,0.02,fc0.32_wp0.18,20x40x60,0.0,240.0,3,60.0,40,27,0.144,0.3,9,0,1156,77,20.0
F2_soil,loam_cat (sandy loam),can_tho,severe,7,240.0,0.15,6,0.02,fc0.31_wp0.12,20x40x60,0.0,200.0,3,60.0,31,21,0.111,0.233,5,0,1380,80,20.0
F2_soil,loam_cat (sandy loam),can_tho,severe,11,240.0,0.15,6,0.02,fc0.31_wp0.12,20x40x60,0.0,220.0,4,80.0,28,19,0.1,0.211,6,0,1239,81,20.0
F2_soil,thit_pha_set (mac dinh),can_tho,severe,7,240.0,0.15,6,0.02,fc0.32_wp0.18,20x40x60,1.25,240.0,4,80.0,44,30,0.156,0.333,9,0,1198,76,20.0
F2_soil,thit_pha_set (mac dinh),can_tho,severe,11,240.0,0.15,6,0.02,fc0.32_wp0.18,20x40x60,0.0,240.0,3,60.0,36,24,0.133,0.267,9,0,1156,78,20.0
F3_depth,agronomic,can_tho,severe,7,240.0,0.15,6,0.02,fc0.32_wp0.18,20x40x60,1.25,240.0,4,80.0,44,30,0.156,0.333,9,0,1198,76,20.0
F3_depth,agronomic,can_tho,severe,11,240.0,0.15,6,0.02,fc0.32_wp0.18,20x40x60,0.0,240.0,3,60.0,36,24,0.133,0.267,9,0,1156,78,20.0
F3_depth,fine,can_tho,severe,7,240.0,0.15,6,0.02,fc0.32_wp0.18,10x20x35,0.463,190.0,7,70.0,51,33,0.2,0.367,5,0,1436,72,10.0
F3_depth,fine,can_tho,severe,11,240.0,0.15,6,0.02,fc0.32_wp0.18,10x20x35,1.8519,180.0,5,50.0,57,38,0.211,0.422,5,0,1470,71,10.0
F3_depth,coarse,can_tho,severe,7,240.0,0.15,6,0.02,fc0.32_wp0.18,35x60x90,7.8704,210.0,1,35.0,22,15,0.078,0.167,6,0,1220,83,35.0
F3_depth,coarse,can_tho,severe,11,240.0,0.15,6,0.02,fc0.32_wp0.18,35x60x90,17.9167,210.0,3,105.0,10,6,0.044,0.067,4,0,1187,86,35.0
F4_horizon,6,can_tho,severe,7,240.0,0.15,6,0.02,fc0.32_wp0.18,20x40x60,1.25,240.0,4,80.0,44,30,0.156,0.333,9,0,1198,76,20.0
F4_horizon,6,can_tho,severe,11,240.0,0.15,6,0.02,fc0.32_wp0.18,20x40x60,0.0,240.0,3,60.0,36,24,0.133,0.267,9,0,1156,78,20.0
F4_horizon,24,can_tho,severe,7,240.0,0.15,24,0.02,fc0.32_wp0.18,20x40x60,0.0,240.0,2,40.0,50,34,0.178,0.378,5,6,1323,74,20.0
F4_horizon,24,can_tho,severe,11,240.0,0.15,24,0.02,fc0.32_wp0.18,20x40x60,1.8056,240.0,3,60.0,53,36,0.189,0.4,4,6,1244,73,20.0
F5_radio,T2,can_tho,severe,7,240.0,0.15,6,0.02,fc0.32_wp0.18,20x40x60,1.25,240.0,4,80.0,44,30,0.156,0.333,9,0,1198,76,20.0
F5_radio,T2,can_tho,severe,11,240.0,0.15,6,0.02,fc0.32_wp0.18,20x40x60,0.0,240.0,3,60.0,36,24,0.133,0.267,9,0,1156,78,20.0
F5_radio,blindARQ,can_tho,severe,7,240.0,0.15,6,0.02,fc0.32_wp0.18,20x40x60,0.0,240.0,4,80.0,71,63,0.089,0.7,8,0,1209,82,20.0
F5_radio,blindARQ,can_tho,severe,11,240.0,0.15,6,0.02,fc0.32_wp0.18,20x40x60,1.6204,240.0,5,100.0,35,28,0.078,0.311,7,0,1163,83,20.0
