fidelity,policy,network,budget_mm,n,unsafe_pct,severe_pct,stress_int,water_mm,gen,sent,dup,dup_mm,withh,twin_rmse,awd_cyc,awd_eff,awd_short,awd_dry_h,stress_h,mm_per_event,events_per_day
awd,FixedSchedule,mild,160.0,30,46.51,0.0,111.1,160.0,2.7,3.2,0.6,30.0,0.0,0.197,1.23,0.0,0.23,1741.6,1442.5,53.33,0.03
awd,FixedSchedule,mild,240.0,30,48.54,0.0,116.9,240.0,2.7,4.5,1.3,78.0,0.0,0.147,1.0,0.0,0.0,1784.3,1460.8,60.0,0.03
awd,FixedSchedule,mild,320.0,30,38.86,0.0,92.9,320.0,4.6,7.1,1.7,90.0,0.0,1.051,1.33,0.0,0.33,1597.6,1296.6,53.33,0.051
awd,FixedSchedule,mild,400.0,30,31.33,0.0,72.7,400.0,5.3,9.1,2.1,118.0,0.0,0.71,1.33,0.0,0.33,1422.2,1124.6,57.14,0.059
awd,FixedSchedule,mild,80.0,30,54.06,0.0,132.8,80.0,2.0,2.1,0.2,4.0,0.0,0.523,1.0,0.0,0.0,1905.3,1588.4,40.0,0.022
awd,FixedSchedule,mild,inf,30,0.0,0.0,0.0,1608.0,18.0,33.6,8.8,528.0,0.0,1.136,0.0,0.0,0.0,0.0,0.5,60.0,0.2
awd,FixedSchedule,severe,160.0,30,47.98,0.0,114.9,160.0,2.7,10.6,0.6,30.0,0.0,4.402,1.23,0.0,0.23,1769.7,1465.4,53.33,0.03
awd,FixedSchedule,severe,240.0,30,48.39,0.0,116.6,240.0,2.7,14.3,1.3,78.0,0.0,0.693,1.0,0.0,0.0,1782.3,1457.7,60.0,0.03
awd,FixedSchedule,severe,320.0,30,39.07,0.0,93.5,320.0,4.6,20.2,1.7,90.0,0.0,4.569,1.3,0.0,0.3,1601.3,1297.7,53.33,0.051
awd,FixedSchedule,severe,400.0,30,32.23,0.0,75.0,400.0,5.3,23.0,2.1,118.0,0.0,4.895,1.33,0.0,0.33,1441.9,1140.2,57.14,0.059
awd,FixedSchedule,severe,80.0,30,53.78,0.0,132.3,80.0,2.0,9.5,0.0,0.0,0.0,3.337,1.5,0.0,0.5,1906.2,1599.9,40.0,0.022
awd,FixedSchedule,severe,inf,30,0.0,0.0,0.0,1608.0,18.0,81.3,8.8,528.0,0.0,2.434,0.0,0.0,0.0,0.0,0.7,60.0,0.2
awd,Oracle,mild,160.0,30,7.65,0.0,9.5,160.0,8.0,10.5,2.1,42.0,0.0,0.588,9.0,8.0,0.0,1812.7,1632.0,20.0,0.089
awd,Oracle,mild,240.0,30,0.0,0.0,0.0,200.0,10.0,12.8,2.7,53.3,0.0,0.659,10.67,10.0,0.0,1603.2,1551.1,20.0,0.111
awd,Oracle,mild,320.0,30,0.0,0.0,0.0,260.0,10.0,13.3,2.8,80.7,0.0,0.95,10.0,7.33,2.67,882.2,1122.9,26.0,0.111
awd,Oracle,mild,400.0,30,0.0,0.0,0.0,337.3,12.7,17.4,3.6,95.3,0.0,1.153,6.33,1.33,5.0,242.0,537.2,26.63,0.141
awd,Oracle,mild,80.0,30,31.93,0.0,74.7,80.0,4.0,4.9,1.1,22.0,0.0,0.274,5.0,4.0,0.0,1883.5,1649.0,20.0,0.044
awd,Oracle,mild,inf,30,0.0,0.0,0.0,373.3,18.7,25.4,5.3,106.7,0.0,1.108,0.0,0.0,0.0,0.0,0.0,20.0,0.207
awd,Oracle,severe,160.0,30,7.48,0.0,9.3,160.0,8.0,23.9,1.1,21.3,0.0,1.357,9.0,8.0,0.0,1823.6,1632.0,20.0,0.089
awd,Oracle,severe,240.0,30,0.01,0.0,0.0,200.0,10.0,29.8,1.3,25.3,0.0,1.47,10.67,10.0,0.0,1619.8,1551.3,20.0,0.111
awd,Oracle,severe,320.0,30,0.0,0.0,0.0,260.0,10.0,30.3,1.3,38.7,0.0,2.034,9.93,7.27,2.67,892.4,1125.6,26.0,0.111
awd,Oracle,severe,400.0,30,0.0,0.0,0.0,334.7,12.7,39.5,1.4,33.3,0.0,2.462,6.37,1.3,5.07,250.0,550.0,26.28,0.141
awd,Oracle,severe,80.0,30,31.92,0.0,74.7,80.0,4.0,11.6,0.5,10.7,0.0,0.85,5.0,4.0,0.0,1889.3,1649.0,20.0,0.044
awd,Oracle,severe,inf,30,0.0,0.0,0.0,373.3,18.7,61.1,2.6,52.7,0.0,2.124,0.0,0.0,0.0,0.0,0.1,20.0,0.207
awd,Reactive+T2,mild,160.0,30,34.95,0.0,83.3,160.0,3.0,3.6,0.6,30.0,0.0,0.335,1.67,0.0,0.67,1514.4,1255.0,53.33,0.033
awd,Reactive+T2,mild,240.0,30,31.24,0.0,73.1,240.0,3.5,4.8,1.1,68.0,0.0,0.453,1.9,0.0,0.9,1434.6,1186.4,60.0,0.039
awd,Reactive+T2,mild,320.0,30,21.13,0.0,43.2,320.0,5.7,7.7,1.4,78.0,0.0,0.768,2.83,0.0,1.83,1205.0,996.6,53.33,0.063
awd,Reactive+T2,mild,400.0,30,11.76,0.0,18.4,400.0,6.5,9.0,1.9,106.7,0.0,1.02,3.17,0.0,2.17,1014.9,810.9,57.14,0.073
awd,Reactive+T2,mild,80.0,30,46.58,0.0,111.0,80.0,2.1,2.3,0.2,4.7,0.0,0.146,1.07,0.0,0.07,1745.7,1457.3,40.0,0.023
awd,Reactive+T2,mild,inf,30,0.0,0.0,0.0,648.0,9.4,13.6,3.3,200.0,0.0,1.224,4.07,0.03,4.03,53.3,259.2,60.0,0.104
awd,Reactive+T2,severe,160.0,30,34.85,0.0,82.5,160.0,4.0,10.8,0.3,17.3,0.0,1.26,1.9,0.1,0.8,1529.2,1272.6,53.33,0.044
awd,Reactive+T2,severe,240.0,30,28.1,0.0,63.8,240.0,5.1,14.6,0.6,36.0,0.0,1.476,2.43,0.1,1.33,1378.7,1145.5,60.0,0.057
awd,Reactive+T2,severe,320.0,30,17.82,0.0,33.8,320.0,7.5,19.9,0.8,44.0,0.0,1.66,3.23,0.1,2.13,1163.9,967.4,53.33,0.083
awd,Reactive+T2,severe,400.0,30,7.36,0.0,10.6,400.0,8.7,23.4,1.0,58.0,0.0,1.948,3.8,0.1,2.7,962.7,774.1,57.14,0.096
awd,Reactive+T2,severe,80.0,30,45.52,0.0,108.7,80.0,2.9,7.6,0.0,0.0,0.0,0.845,1.4,0.1,0.3,1744.2,1461.2,40.0,0.032
awd,Reactive+T2,severe,inf,30,0.02,0.0,0.0,608.0,11.5,32.4,2.0,122.0,0.0,2.261,4.3,0.13,4.17,89.2,303.3,60.0,0.127
awd,Reactive+blindARQ,mild,160.0,30,36.62,0.0,87.4,160.0,2.7,3.8,0.6,31.3,0.0,0.323,1.47,0.0,0.47,1549.0,1284.0,53.33,0.03
awd,Reactive+blindARQ,mild,240.0,30,36.44,0.0,86.2,240.0,2.7,5.0,1.3,78.0,0.0,0.355,1.53,0.0,0.53,1539.1,1275.1,60.0,0.03
awd,Reactive+blindARQ,mild,320.0,30,25.86,0.0,57.0,320.0,4.6,7.9,1.6,88.0,0.0,0.697,2.33,0.0,1.33,1302.1,1083.2,53.33,0.051
awd,Reactive+blindARQ,mild,400.0,30,17.0,0.0,33.1,400.0,5.3,9.6,2.1,116.7,0.0,0.971,2.73,0.0,1.73,1117.1,908.9,57.14,0.059
awd,Reactive+blindARQ,mild,80.0,30,46.6,0.0,111.0,80.0,2.0,2.3,0.2,4.7,0.0,0.146,1.0,0.0,0.0,1745.3,1456.0,40.0,0.022
awd,Reactive+blindARQ,mild,inf,30,0.0,0.0,0.0,828.0,8.7,18.5,5.1,308.0,0.0,1.324,3.93,0.0,3.93,36.8,243.1,60.0,0.096
awd,Reactive+blindARQ,severe,160.0,30,36.61,0.0,87.3,160.0,2.7,10.5,0.4,20.7,0.0,1.553,1.53,0.0,0.53,1550.8,1289.3,53.33,0.03
awd,Reactive+blindARQ,severe,240.0,30,36.22,0.0,85.6,240.0,2.7,14.9,1.3,78.0,0.0,1.654,1.57,0.0,0.57,1536.7,1276.3,60.0,0.03
awd,Reactive+blindARQ,severe,320.0,30,25.65,0.0,56.5,320.0,4.6,20.9,1.6,88.7,0.0,1.956,2.37,0.0,1.37,1301.0,1087.6,53.33,0.051
awd,Reactive+blindARQ,severe,400.0,30,16.78,0.0,32.7,400.0,5.3,24.1,2.0,115.3,0.0,2.248,2.7,0.0,1.7,1114.3,912.4,57.14,0.059
awd,Reactive+blindARQ,severe,80.0,30,46.55,0.0,111.0,80.0,2.0,6.4,0.0,0.0,0.0,0.917,1.0,0.0,0.0,1745.2,1459.7,40.0,0.022
awd,Reactive+blindARQ,severe,inf,30,0.0,0.0,0.0,826.0,8.6,46.1,5.1,308.0,0.0,3.08,3.53,0.0,3.53,39.6,259.5,60.0,0.096
awd,TwinGate+T2,mild,160.0,30,13.69,0.0,22.3,160.0,7.3,10.6,2.5,49.3,82.7,0.678,7.53,6.5,0.03,1685.2,1531.4,20.0,0.081
awd,TwinGate+T2,mild,240.0,30,0.03,0.0,0.0,224.7,10.1,14.6,3.4,68.0,79.9,0.79,9.8,9.0,0.03,1424.9,1384.2,20.0,0.113
awd,TwinGate+T2,mild,320.0,30,0.03,0.0,0.0,261.3,11.3,16.6,4.3,86.0,78.7,0.82,9.93,7.73,2.07,948.6,1182.7,20.1,0.126
awd,TwinGate+T2,mild,400.0,30,0.0,0.0,0.0,328.0,13.9,20.3,5.7,113.3,76.1,0.882,9.63,1.53,8.1,295.4,631.4,20.0,0.154
awd,TwinGate+T2,mild,80.0,30,34.65,0.0,82.4,80.0,3.5,4.9,1.3,25.3,86.5,0.342,4.2,3.2,0.0,1826.5,1587.8,20.0,0.039
awd,TwinGate+T2,mild,inf,30,0.0,0.0,0.0,346.0,14.4,21.3,5.8,116.7,75.6,0.909,8.0,0.0,8.0,100.0,441.0,20.0,0.16
awd,TwinGate+T2,severe,160.0,30,14.47,0.0,25.0,160.0,7.9,21.2,2.1,41.3,82.1,0.988,7.17,6.17,0.0,1699.8,1523.2,20.0,0.088
awd,TwinGate+T2,severe,240.0,30,0.81,0.0,0.6,222.7,11.2,30.2,2.8,55.3,78.8,1.146,9.43,8.73,0.0,1431.8,1401.7,20.0,0.124
awd,TwinGate+T2,severe,320.0,30,0.26,0.0,0.1,255.3,12.5,34.5,3.4,67.3,77.5,1.246,9.6,7.63,1.83,949.5,1172.8,20.16,0.139
awd,TwinGate+T2,severe,400.0,30,0.1,0.0,0.0,325.3,15.3,41.5,4.9,98.7,74.7,1.446,9.77,1.97,7.77,399.0,730.7,20.08,0.17
awd,TwinGate+T2,severe,80.0,30,34.79,0.0,82.6,80.0,4.1,10.6,1.0,19.3,85.9,0.678,4.17,3.17,0.0,1837.0,1596.5,20.0,0.045
awd,TwinGate+T2,severe,inf,30,0.02,0.0,0.0,348.7,18.0,51.3,4.8,96.7,72.0,1.547,9.2,0.17,9.03,182.0,544.2,20.04,0.2
awd,TwinGate+T2+centre,mild,160.0,30,26.24,0.0,58.7,160.0,7.0,9.9,2.4,48.0,83.0,0.588,5.27,0.0,4.27,1351.6,1187.2,20.0,0.078
awd,TwinGate+T2+centre,mild,240.0,30,11.91,0.0,17.2,240.0,10.5,15.0,3.5,69.3,79.5,0.778,7.1,0.0,6.1,1060.5,970.9,20.0,0.117
awd,TwinGate+T2+centre,mild,320.0,30,0.0,0.0,0.0,320.0,13.6,19.8,5.1,102.7,76.4,0.883,8.23,0.0,7.57,555.0,620.7,20.0,0.151
awd,TwinGate+T2+centre,mild,400.0,30,0.0,0.0,0.0,346.0,14.4,21.3,5.8,116.7,75.6,0.909,8.0,0.0,8.0,100.0,441.0,20.0,0.16
awd,TwinGate+T2+centre,mild,80.0,30,41.67,0.0,99.2,80.0,3.5,4.9,1.2,24.7,86.5,0.358,3.07,0.0,2.07,1682.4,1432.2,20.0,0.039
awd,TwinGate+T2+centre,mild,inf,30,0.0,0.0,0.0,346.0,14.4,21.3,5.8,116.7,75.6,0.909,8.0,0.0,8.0,100.0,441.0,20.0,0.16
awd,TwinGate+T2+centre,severe,160.0,30,25.87,0.0,57.3,160.0,9.1,25.3,1.9,38.7,80.9,1.084,5.4,0.17,4.23,1383.8,1231.0,20.08,0.101
awd,TwinGate+T2+centre,severe,240.0,30,11.3,0.0,16.0,240.0,13.5,37.0,2.7,53.3,76.5,1.308,7.77,0.17,6.6,1114.6,1040.4,20.06,0.15
awd,TwinGate+T2+centre,severe,320.0,30,0.04,0.0,0.0,319.3,17.1,48.0,4.1,82.0,72.9,1.499,9.4,0.17,8.47,704.5,739.6,20.04,0.19
awd,TwinGate+T2+centre,severe,400.0,30,0.02,0.0,0.0,348.0,18.0,51.2,4.8,96.0,72.0,1.547,9.2,0.17,9.03,182.0,544.2,20.04,0.2
awd,TwinGate+T2+centre,severe,80.0,30,41.27,0.0,98.6,80.0,4.5,12.4,1.0,20.0,85.5,0.724,3.03,0.17,1.87,1696.6,1449.9,20.17,0.05
awd,TwinGate+T2+centre,severe,inf,30,0.02,0.0,0.0,348.7,18.0,51.3,4.8,96.7,72.0,1.547,9.2,0.17,9.03,182.0,544.2,20.04,0.2
awd,TwinGate+blindARQ,mild,160.0,30,17.73,0.0,33.7,160.0,5.4,11.2,2.6,52.0,84.6,0.757,6.4,5.4,0.0,1645.9,1468.3,20.0,0.06
awd,TwinGate+blindARQ,mild,240.0,30,2.77,0.0,4.2,232.0,8.0,16.3,3.6,72.7,82.0,0.954,8.83,7.97,0.0,1443.6,1347.6,20.0,0.089
awd,TwinGate+blindARQ,mild,320.0,30,0.0,0.0,0.0,276.0,9.0,18.8,4.8,96.7,81.0,0.971,9.2,7.67,1.1,1083.4,1153.1,20.0,0.1
awd,TwinGate+blindARQ,mild,400.0,30,0.0,0.0,0.0,342.0,10.8,23.1,6.3,126.0,79.2,1.083,9.07,2.83,6.07,527.6,766.4,20.0,0.12
awd,TwinGate+blindARQ,mild,80.0,30,36.55,0.0,87.5,80.0,2.7,5.5,1.3,26.0,87.3,0.436,3.7,2.7,0.0,1811.2,1562.3,20.0,0.03
awd,TwinGate+blindARQ,mild,inf,30,0.0,0.0,0.0,389.3,12.4,26.5,7.0,140.7,77.6,1.182,7.17,0.0,7.13,96.3,400.6,20.0,0.138
awd,TwinGate+blindARQ,severe,160.0,30,17.45,0.0,32.9,160.0,5.4,25.7,2.6,52.0,84.6,1.571,6.4,5.4,0.0,1649.0,1473.6,20.0,0.06
awd,TwinGate+blindARQ,severe,240.0,30,2.48,0.0,3.7,230.7,7.9,37.7,3.6,72.0,82.1,1.965,8.83,7.93,0.0,1471.6,1359.3,20.0,0.088
awd,TwinGate+blindARQ,severe,320.0,30,0.0,0.0,0.0,275.3,8.9,43.6,4.8,96.7,81.1,2.103,9.17,7.63,1.1,1087.8,1149.4,20.0,0.099
awd,TwinGate+blindARQ,severe,400.0,30,0.0,0.0,0.0,341.3,10.8,52.6,6.3,126.0,79.2,2.238,9.27,2.77,6.3,553.5,770.2,20.0,0.12
awd,TwinGate+blindARQ,severe,80.0,30,36.36,0.0,87.0,80.0,2.7,13.9,1.3,26.0,87.3,1.222,3.7,2.7,0.0,1811.7,1565.1,20.0,0.03
awd,TwinGate+blindARQ,severe,inf,30,0.0,0.0,0.0,389.3,12.4,62.8,7.0,140.7,77.6,2.363,7.47,0.0,7.47,95.2,420.9,20.0,0.138
mid,FixedSchedule,mild,160.0,30,46.51,0.0,111.1,160.0,2.7,3.2,0.6,30.0,0.0,0.197,1.23,0.0,0.23,1741.6,1442.5,53.33,0.03
mid,FixedSchedule,mild,240.0,30,48.54,0.0,116.9,240.0,2.7,4.5,1.3,78.0,0.0,0.147,1.0,0.0,0.0,1784.3,1460.8,60.0,0.03
mid,FixedSchedule,mild,320.0,30,38.86,0.0,92.9,320.0,4.6,7.1,1.7,90.0,0.0,1.051,1.33,0.0,0.33,1597.6,1296.6,53.33,0.051
mid,FixedSchedule,mild,400.0,30,31.33,0.0,72.7,400.0,5.3,9.1,2.1,118.0,0.0,0.71,1.33,0.0,0.33,1422.2,1124.6,57.14,0.059
mid,FixedSchedule,mild,80.0,30,54.06,0.0,132.8,80.0,2.0,2.1,0.2,4.0,0.0,0.523,1.0,0.0,0.0,1905.3,1588.4,40.0,0.022
mid,FixedSchedule,mild,inf,30,0.0,0.0,0.0,1608.0,18.0,33.6,8.8,528.0,0.0,1.136,0.0,0.0,0.0,0.0,0.5,60.0,0.2
mid,FixedSchedule,severe,160.0,30,47.98,0.0,114.9,160.0,2.7,10.6,0.6,30.0,0.0,4.402,1.23,0.0,0.23,1769.7,1465.4,53.33,0.03
mid,FixedSchedule,severe,240.0,30,48.39,0.0,116.6,240.0,2.7,14.3,1.3,78.0,0.0,0.693,1.0,0.0,0.0,1782.3,1457.7,60.0,0.03
mid,FixedSchedule,severe,320.0,30,39.07,0.0,93.5,320.0,4.6,20.2,1.7,90.0,0.0,4.569,1.3,0.0,0.3,1601.3,1297.7,53.33,0.051
mid,FixedSchedule,severe,400.0,30,32.23,0.0,75.0,400.0,5.3,23.0,2.1,118.0,0.0,4.895,1.33,0.0,0.33,1441.9,1140.2,57.14,0.059
mid,FixedSchedule,severe,80.0,30,53.78,0.0,132.3,80.0,2.0,9.5,0.0,0.0,0.0,3.337,1.5,0.0,0.5,1906.2,1599.9,40.0,0.022
mid,FixedSchedule,severe,inf,30,0.0,0.0,0.0,1608.0,18.0,81.3,8.8,528.0,0.0,2.434,0.0,0.0,0.0,0.0,0.7,60.0,0.2
mid,Oracle,mild,160.0,30,7.65,0.0,9.5,160.0,8.0,10.5,2.1,42.0,0.0,0.588,9.0,8.0,0.0,1812.7,1632.0,20.0,0.089
mid,Oracle,mild,240.0,30,0.0,0.0,0.0,200.0,10.0,12.8,2.7,53.3,0.0,0.659,10.67,10.0,0.0,1603.2,1551.1,20.0,0.111
mid,Oracle,mild,320.0,30,0.0,0.0,0.0,260.0,10.0,13.3,2.8,80.7,0.0,0.95,10.0,7.33,2.67,882.2,1122.9,26.0,0.111
mid,Oracle,mild,400.0,30,0.0,0.0,0.0,337.3,12.7,17.4,3.6,95.3,0.0,1.153,6.33,1.33,5.0,242.0,537.2,26.63,0.141
mid,Oracle,mild,80.0,30,31.93,0.0,74.7,80.0,4.0,4.9,1.1,22.0,0.0,0.274,5.0,4.0,0.0,1883.5,1649.0,20.0,0.044
mid,Oracle,mild,inf,30,0.0,0.0,0.0,373.3,18.7,25.4,5.3,106.7,0.0,1.108,0.0,0.0,0.0,0.0,0.0,20.0,0.207
mid,Oracle,severe,160.0,30,7.48,0.0,9.3,160.0,8.0,23.9,1.1,21.3,0.0,1.357,9.0,8.0,0.0,1823.6,1632.0,20.0,0.089
mid,Oracle,severe,240.0,30,0.01,0.0,0.0,200.0,10.0,29.8,1.3,25.3,0.0,1.47,10.67,10.0,0.0,1619.8,1551.3,20.0,0.111
mid,Oracle,severe,320.0,30,0.0,0.0,0.0,260.0,10.0,30.3,1.3,38.7,0.0,2.034,9.93,7.27,2.67,892.4,1125.6,26.0,0.111
mid,Oracle,severe,400.0,30,0.0,0.0,0.0,334.7,12.7,39.5,1.4,33.3,0.0,2.462,6.37,1.3,5.07,250.0,550.0,26.28,0.141
mid,Oracle,severe,80.0,30,31.92,0.0,74.7,80.0,4.0,11.6,0.5,10.7,0.0,0.85,5.0,4.0,0.0,1889.3,1649.0,20.0,0.044
mid,Oracle,severe,inf,30,0.0,0.0,0.0,373.3,18.7,61.1,2.6,52.7,0.0,2.124,0.0,0.0,0.0,0.0,0.1,20.0,0.207
mid,Reactive+T2,mild,160.0,30,34.95,0.0,83.3,160.0,3.0,3.6,0.6,30.0,0.0,0.335,1.67,0.0,0.67,1514.4,1255.0,53.33,0.033
mid,Reactive+T2,mild,240.0,30,31.24,0.0,73.1,240.0,3.5,4.8,1.1,68.0,0.0,0.453,1.9,0.0,0.9,1434.6,1186.4,60.0,0.039
mid,Reactive+T2,mild,320.0,30,21.13,0.0,43.2,320.0,5.7,7.7,1.4,78.0,0.0,0.768,2.83,0.0,1.83,1205.0,996.6,53.33,0.063
mid,Reactive+T2,mild,400.0,30,11.76,0.0,18.4,400.0,6.5,9.0,1.9,106.7,0.0,1.02,3.17,0.0,2.17,1014.9,810.9,57.14,0.073
mid,Reactive+T2,mild,80.0,30,46.58,0.0,111.0,80.0,2.1,2.3,0.2,4.7,0.0,0.146,1.07,0.0,0.07,1745.7,1457.3,40.0,0.023
mid,Reactive+T2,mild,inf,30,0.0,0.0,0.0,648.0,9.4,13.6,3.3,200.0,0.0,1.224,4.07,0.03,4.03,53.3,259.2,60.0,0.104
mid,Reactive+T2,severe,160.0,30,34.85,0.0,82.5,160.0,4.0,10.8,0.3,17.3,0.0,1.26,1.9,0.1,0.8,1529.2,1272.6,53.33,0.044
mid,Reactive+T2,severe,240.0,30,28.1,0.0,63.8,240.0,5.1,14.6,0.6,36.0,0.0,1.476,2.43,0.1,1.33,1378.7,1145.5,60.0,0.057
mid,Reactive+T2,severe,320.0,30,17.82,0.0,33.8,320.0,7.5,19.9,0.8,44.0,0.0,1.66,3.23,0.1,2.13,1163.9,967.4,53.33,0.083
mid,Reactive+T2,severe,400.0,30,7.36,0.0,10.6,400.0,8.7,23.4,1.0,58.0,0.0,1.948,3.8,0.1,2.7,962.7,774.1,57.14,0.096
mid,Reactive+T2,severe,80.0,30,45.52,0.0,108.7,80.0,2.9,7.6,0.0,0.0,0.0,0.845,1.4,0.1,0.3,1744.2,1461.2,40.0,0.032
mid,Reactive+T2,severe,inf,30,0.02,0.0,0.0,608.0,11.5,32.4,2.0,122.0,0.0,2.261,4.3,0.13,4.17,89.2,303.3,60.0,0.127
mid,Reactive+blindARQ,mild,160.0,30,36.62,0.0,87.4,160.0,2.7,3.8,0.6,31.3,0.0,0.323,1.47,0.0,0.47,1549.0,1284.0,53.33,0.03
mid,Reactive+blindARQ,mild,240.0,30,36.44,0.0,86.2,240.0,2.7,5.0,1.3,78.0,0.0,0.355,1.53,0.0,0.53,1539.1,1275.1,60.0,0.03
mid,Reactive+blindARQ,mild,320.0,30,25.86,0.0,57.0,320.0,4.6,7.9,1.6,88.0,0.0,0.697,2.33,0.0,1.33,1302.1,1083.2,53.33,0.051
mid,Reactive+blindARQ,mild,400.0,30,17.0,0.0,33.1,400.0,5.3,9.6,2.1,116.7,0.0,0.971,2.73,0.0,1.73,1117.1,908.9,57.14,0.059
mid,Reactive+blindARQ,mild,80.0,30,46.6,0.0,111.0,80.0,2.0,2.3,0.2,4.7,0.0,0.146,1.0,0.0,0.0,1745.3,1456.0,40.0,0.022
mid,Reactive+blindARQ,mild,inf,30,0.0,0.0,0.0,828.0,8.7,18.5,5.1,308.0,0.0,1.324,3.93,0.0,3.93,36.8,243.1,60.0,0.096
mid,Reactive+blindARQ,severe,160.0,30,36.61,0.0,87.3,160.0,2.7,10.5,0.4,20.7,0.0,1.553,1.53,0.0,0.53,1550.8,1289.3,53.33,0.03
mid,Reactive+blindARQ,severe,240.0,30,36.22,0.0,85.6,240.0,2.7,14.9,1.3,78.0,0.0,1.654,1.57,0.0,0.57,1536.7,1276.3,60.0,0.03
mid,Reactive+blindARQ,severe,320.0,30,25.65,0.0,56.5,320.0,4.6,20.9,1.6,88.7,0.0,1.956,2.37,0.0,1.37,1301.0,1087.6,53.33,0.051
mid,Reactive+blindARQ,severe,400.0,30,16.78,0.0,32.7,400.0,5.3,24.1,2.0,115.3,0.0,2.248,2.7,0.0,1.7,1114.3,912.4,57.14,0.059
mid,Reactive+blindARQ,severe,80.0,30,46.55,0.0,111.0,80.0,2.0,6.4,0.0,0.0,0.0,0.917,1.0,0.0,0.0,1745.2,1459.7,40.0,0.022
mid,Reactive+blindARQ,severe,inf,30,0.0,0.0,0.0,826.0,8.6,46.1,5.1,308.0,0.0,3.08,3.53,0.0,3.53,39.6,259.5,60.0,0.096
mid,TwinGate+T2,mild,160.0,30,22.54,0.0,47.9,160.0,6.9,9.6,2.4,48.7,83.1,0.469,7.47,0.07,6.4,1502.6,1375.7,20.0,0.076
mid,TwinGate+T2,mild,240.0,30,4.33,0.0,4.3,240.0,10.6,15.1,3.4,68.7,79.4,0.684,10.8,0.17,9.63,1295.4,1248.0,20.0,0.118
mid,TwinGate+T2,mild,320.0,30,0.0,0.0,0.0,296.7,12.4,18.3,4.9,98.0,77.6,0.743,11.8,0.27,11.2,753.2,982.1,20.0,0.137
mid,TwinGate+T2,mild,400.0,30,0.0,0.0,0.0,328.0,13.8,20.1,5.7,114.7,76.2,0.764,10.57,0.07,10.5,302.5,672.6,20.0,0.153
mid,TwinGate+T2,mild,80.0,30,39.12,0.0,94.4,80.0,3.4,4.8,1.2,24.0,86.6,0.291,4.2,0.07,3.13,1744.0,1516.7,20.0,0.038
mid,TwinGate+T2,mild,inf,30,0.0,0.0,0.0,346.0,14.4,21.3,5.8,116.7,75.6,0.909,8.0,0.0,8.0,100.0,441.0,20.0,0.16
mid,TwinGate+T2,severe,160.0,30,21.75,0.0,45.3,160.0,9.2,26.0,1.9,38.7,80.8,1.081,7.63,1.03,5.6,1551.9,1424.9,20.0,0.102
mid,TwinGate+T2,severe,240.0,30,3.84,0.0,4.4,240.0,13.4,36.8,2.7,54.0,76.6,1.294,11.07,1.23,8.83,1358.7,1307.6,20.0,0.149
mid,TwinGate+T2,severe,320.0,30,0.02,0.0,0.0,293.3,15.6,43.7,3.8,75.3,74.4,1.425,12.13,1.43,10.37,859.4,1081.9,20.0,0.173
mid,TwinGate+T2,severe,400.0,30,0.02,0.0,0.0,327.3,15.9,44.6,4.6,92.7,74.1,1.458,10.6,0.7,9.8,430.3,750.6,20.0,0.176
mid,TwinGate+T2,severe,80.0,30,38.17,0.0,92.0,80.0,5.1,14.9,0.8,16.7,84.9,0.785,4.4,0.57,2.83,1769.8,1543.7,20.0,0.056
mid,TwinGate+T2,severe,inf,30,0.02,0.0,0.0,348.7,18.0,51.3,4.8,96.7,72.0,1.547,9.2,0.17,9.03,182.0,544.2,20.04,0.2
mid,TwinGate+T2+centre,mild,160.0,30,26.24,0.0,58.7,160.0,7.0,9.9,2.4,48.0,83.0,0.588,5.27,0.0,4.27,1351.6,1187.2,20.0,0.078
mid,TwinGate+T2+centre,mild,240.0,30,11.91,0.0,17.2,240.0,10.5,15.0,3.5,69.3,79.5,0.778,7.1,0.0,6.1,1060.5,970.9,20.0,0.117
mid,TwinGate+T2+centre,mild,320.0,30,0.0,0.0,0.0,320.0,13.6,19.8,5.1,102.7,76.4,0.883,8.23,0.0,7.57,555.0,620.7,20.0,0.151
mid,TwinGate+T2+centre,mild,400.0,30,0.0,0.0,0.0,346.0,14.4,21.3,5.8,116.7,75.6,0.909,8.0,0.0,8.0,100.0,441.0,20.0,0.16
mid,TwinGate+T2+centre,mild,80.0,30,41.67,0.0,99.2,80.0,3.5,4.9,1.2,24.7,86.5,0.358,3.07,0.0,2.07,1682.4,1432.2,20.0,0.039
mid,TwinGate+T2+centre,mild,inf,30,0.0,0.0,0.0,346.0,14.4,21.3,5.8,116.7,75.6,0.909,8.0,0.0,8.0,100.0,441.0,20.0,0.16
mid,TwinGate+T2+centre,severe,160.0,30,25.87,0.0,57.3,160.0,9.1,25.3,1.9,38.7,80.9,1.084,5.4,0.17,4.23,1383.8,1231.0,20.08,0.101
mid,TwinGate+T2+centre,severe,240.0,30,11.3,0.0,16.0,240.0,13.5,37.0,2.7,53.3,76.5,1.308,7.77,0.17,6.6,1114.6,1040.4,20.06,0.15
mid,TwinGate+T2+centre,severe,320.0,30,0.04,0.0,0.0,319.3,17.1,48.0,4.1,82.0,72.9,1.499,9.4,0.17,8.47,704.5,739.6,20.04,0.19
mid,TwinGate+T2+centre,severe,400.0,30,0.02,0.0,0.0,348.0,18.0,51.2,4.8,96.0,72.0,1.547,9.2,0.17,9.03,182.0,544.2,20.04,0.2
mid,TwinGate+T2+centre,severe,80.0,30,41.27,0.0,98.6,80.0,4.5,12.4,1.0,20.0,85.5,0.724,3.03,0.17,1.87,1696.6,1449.9,20.17,0.05
mid,TwinGate+T2+centre,severe,inf,30,0.02,0.0,0.0,348.7,18.0,51.3,4.8,96.7,72.0,1.547,9.2,0.17,9.03,182.0,544.2,20.04,0.2
mid,TwinGate+blindARQ,mild,160.0,30,25.59,0.0,56.7,160.0,5.4,10.1,2.6,52.0,84.6,0.517,6.4,0.0,5.4,1512.6,1356.0,20.0,0.06
mid,TwinGate+blindARQ,mild,240.0,30,9.73,0.0,15.5,240.0,8.3,16.0,3.7,74.0,81.7,0.815,9.3,0.0,8.3,1305.3,1226.3,20.0,0.092
mid,TwinGate+blindARQ,mild,320.0,30,1.29,0.0,1.3,310.7,10.0,20.2,5.5,110.0,80.0,0.887,10.7,0.0,10.03,921.2,970.1,20.0,0.111
mid,TwinGate+blindARQ,mild,400.0,30,0.15,0.0,0.1,354.7,11.3,23.0,6.5,129.3,78.7,0.954,9.97,0.13,9.57,546.8,768.1,20.0,0.125
mid,TwinGate+blindARQ,mild,80.0,30,40.94,0.0,98.4,80.0,2.7,4.9,1.3,26.0,87.3,0.304,3.7,0.0,2.7,1749.6,1505.5,20.0,0.03
mid,TwinGate+blindARQ,mild,inf,30,0.0,0.0,0.0,389.3,12.4,26.5,7.0,140.7,77.6,1.182,7.17,0.0,7.13,96.3,400.6,20.0,0.138
mid,TwinGate+blindARQ,severe,160.0,30,25.28,0.0,55.8,160.0,5.4,25.2,2.6,52.0,84.6,1.419,6.4,0.0,5.4,1522.2,1364.3,20.0,0.06
mid,TwinGate+blindARQ,severe,240.0,30,9.28,0.0,14.7,240.0,8.3,36.7,3.7,74.0,81.7,1.726,9.3,0.0,8.3,1316.2,1237.3,20.0,0.092
mid,TwinGate+blindARQ,severe,320.0,30,1.08,0.0,1.1,308.7,9.9,47.1,5.5,110.0,80.1,1.995,10.67,0.0,9.93,975.9,1003.5,20.0,0.11
mid,TwinGate+blindARQ,severe,400.0,30,0.11,0.0,0.0,354.7,11.3,52.6,6.5,129.3,78.7,2.101,10.0,0.13,9.6,553.8,772.3,20.0,0.125
mid,TwinGate+blindARQ,severe,80.0,30,40.77,0.0,97.9,80.0,2.7,13.9,1.3,26.0,87.3,1.102,3.7,0.0,2.7,1752.2,1506.6,20.0,0.03
mid,TwinGate+blindARQ,severe,inf,30,0.0,0.0,0.0,389.3,12.4,62.8,7.0,140.7,77.6,2.363,7.47,0.0,7.47,95.2,420.9,20.0,0.138
narrow,FixedSchedule,mild,160.0,30,46.51,0.0,111.1,160.0,2.7,3.2,0.6,30.0,0.0,0.197,1.23,0.0,0.23,1741.6,1442.5,53.33,0.03
narrow,FixedSchedule,mild,240.0,30,48.54,0.0,116.9,240.0,2.7,4.5,1.3,78.0,0.0,0.147,1.0,0.0,0.0,1784.3,1460.8,60.0,0.03
narrow,FixedSchedule,mild,320.0,30,38.86,0.0,92.9,320.0,4.6,7.1,1.7,90.0,0.0,1.051,1.33,0.0,0.33,1597.6,1296.6,53.33,0.051
narrow,FixedSchedule,mild,400.0,30,31.33,0.0,72.7,400.0,5.3,9.1,2.1,118.0,0.0,0.71,1.33,0.0,0.33,1422.2,1124.6,57.14,0.059
narrow,FixedSchedule,mild,80.0,30,54.06,0.0,132.8,80.0,2.0,2.1,0.2,4.0,0.0,0.523,1.0,0.0,0.0,1905.3,1588.4,40.0,0.022
narrow,FixedSchedule,mild,inf,30,0.0,0.0,0.0,1608.0,18.0,33.6,8.8,528.0,0.0,1.136,0.0,0.0,0.0,0.0,0.5,60.0,0.2
narrow,FixedSchedule,severe,160.0,30,47.98,0.0,114.9,160.0,2.7,10.6,0.6,30.0,0.0,4.402,1.23,0.0,0.23,1769.7,1465.4,53.33,0.03
narrow,FixedSchedule,severe,240.0,30,48.39,0.0,116.6,240.0,2.7,14.3,1.3,78.0,0.0,0.693,1.0,0.0,0.0,1782.3,1457.7,60.0,0.03
narrow,FixedSchedule,severe,320.0,30,39.07,0.0,93.5,320.0,4.6,20.2,1.7,90.0,0.0,4.569,1.3,0.0,0.3,1601.3,1297.7,53.33,0.051
narrow,FixedSchedule,severe,400.0,30,32.23,0.0,75.0,400.0,5.3,23.0,2.1,118.0,0.0,4.895,1.33,0.0,0.33,1441.9,1140.2,57.14,0.059
narrow,FixedSchedule,severe,80.0,30,53.78,0.0,132.3,80.0,2.0,9.5,0.0,0.0,0.0,3.337,1.5,0.0,0.5,1906.2,1599.9,40.0,0.022
narrow,FixedSchedule,severe,inf,30,0.0,0.0,0.0,1608.0,18.0,81.3,8.8,528.0,0.0,2.434,0.0,0.0,0.0,0.0,0.7,60.0,0.2
narrow,Oracle,mild,160.0,30,7.65,0.0,9.5,160.0,8.0,10.5,2.1,42.0,0.0,0.588,9.0,8.0,0.0,1812.7,1632.0,20.0,0.089
narrow,Oracle,mild,240.0,30,0.0,0.0,0.0,200.0,10.0,12.8,2.7,53.3,0.0,0.659,10.67,10.0,0.0,1603.2,1551.1,20.0,0.111
narrow,Oracle,mild,320.0,30,0.0,0.0,0.0,260.0,10.0,13.3,2.8,80.7,0.0,0.95,10.0,7.33,2.67,882.2,1122.9,26.0,0.111
narrow,Oracle,mild,400.0,30,0.0,0.0,0.0,337.3,12.7,17.4,3.6,95.3,0.0,1.153,6.33,1.33,5.0,242.0,537.2,26.63,0.141
narrow,Oracle,mild,80.0,30,31.93,0.0,74.7,80.0,4.0,4.9,1.1,22.0,0.0,0.274,5.0,4.0,0.0,1883.5,1649.0,20.0,0.044
narrow,Oracle,mild,inf,30,0.0,0.0,0.0,373.3,18.7,25.4,5.3,106.7,0.0,1.108,0.0,0.0,0.0,0.0,0.0,20.0,0.207
narrow,Oracle,severe,160.0,30,7.48,0.0,9.3,160.0,8.0,23.9,1.1,21.3,0.0,1.357,9.0,8.0,0.0,1823.6,1632.0,20.0,0.089
narrow,Oracle,severe,240.0,30,0.01,0.0,0.0,200.0,10.0,29.8,1.3,25.3,0.0,1.47,10.67,10.0,0.0,1619.8,1551.3,20.0,0.111
narrow,Oracle,severe,320.0,30,0.0,0.0,0.0,260.0,10.0,30.3,1.3,38.7,0.0,2.034,9.93,7.27,2.67,892.4,1125.6,26.0,0.111
narrow,Oracle,severe,400.0,30,0.0,0.0,0.0,334.7,12.7,39.5,1.4,33.3,0.0,2.462,6.37,1.3,5.07,250.0,550.0,26.28,0.141
narrow,Oracle,severe,80.0,30,31.92,0.0,74.7,80.0,4.0,11.6,0.5,10.7,0.0,0.85,5.0,4.0,0.0,1889.3,1649.0,20.0,0.044
narrow,Oracle,severe,inf,30,0.0,0.0,0.0,373.3,18.7,61.1,2.6,52.7,0.0,2.124,0.0,0.0,0.0,0.0,0.1,20.0,0.207
narrow,Reactive+T2,mild,160.0,30,34.95,0.0,83.3,160.0,3.0,3.6,0.6,30.0,0.0,0.335,1.67,0.0,0.67,1514.4,1255.0,53.33,0.033
narrow,Reactive+T2,mild,240.0,30,31.24,0.0,73.1,240.0,3.5,4.8,1.1,68.0,0.0,0.453,1.9,0.0,0.9,1434.6,1186.4,60.0,0.039
narrow,Reactive+T2,mild,320.0,30,21.13,0.0,43.2,320.0,5.7,7.7,1.4,78.0,0.0,0.768,2.83,0.0,1.83,1205.0,996.6,53.33,0.063
narrow,Reactive+T2,mild,400.0,30,11.76,0.0,18.4,400.0,6.5,9.0,1.9,106.7,0.0,1.02,3.17,0.0,2.17,1014.9,810.9,57.14,0.073
narrow,Reactive+T2,mild,80.0,30,46.58,0.0,111.0,80.0,2.1,2.3,0.2,4.7,0.0,0.146,1.07,0.0,0.07,1745.7,1457.3,40.0,0.023
narrow,Reactive+T2,mild,inf,30,0.0,0.0,0.0,648.0,9.4,13.6,3.3,200.0,0.0,1.224,4.07,0.03,4.03,53.3,259.2,60.0,0.104
narrow,Reactive+T2,severe,160.0,30,34.85,0.0,82.5,160.0,4.0,10.8,0.3,17.3,0.0,1.26,1.9,0.1,0.8,1529.2,1272.6,53.33,0.044
narrow,Reactive+T2,severe,240.0,30,28.1,0.0,63.8,240.0,5.1,14.6,0.6,36.0,0.0,1.476,2.43,0.1,1.33,1378.7,1145.5,60.0,0.057
narrow,Reactive+T2,severe,320.0,30,17.82,0.0,33.8,320.0,7.5,19.9,0.8,44.0,0.0,1.66,3.23,0.1,2.13,1163.9,967.4,53.33,0.083
narrow,Reactive+T2,severe,400.0,30,7.36,0.0,10.6,400.0,8.7,23.4,1.0,58.0,0.0,1.948,3.8,0.1,2.7,962.7,774.1,57.14,0.096
narrow,Reactive+T2,severe,80.0,30,45.52,0.0,108.7,80.0,2.9,7.6,0.0,0.0,0.0,0.845,1.4,0.1,0.3,1744.2,1461.2,40.0,0.032
narrow,Reactive+T2,severe,inf,30,0.02,0.0,0.0,608.0,11.5,32.4,2.0,122.0,0.0,2.261,4.3,0.13,4.17,89.2,303.3,60.0,0.127
narrow,Reactive+blindARQ,mild,160.0,30,36.62,0.0,87.4,160.0,2.7,3.8,0.6,31.3,0.0,0.323,1.47,0.0,0.47,1549.0,1284.0,53.33,0.03
narrow,Reactive+blindARQ,mild,240.0,30,36.44,0.0,86.2,240.0,2.7,5.0,1.3,78.0,0.0,0.355,1.53,0.0,0.53,1539.1,1275.1,60.0,0.03
narrow,Reactive+blindARQ,mild,320.0,30,25.86,0.0,57.0,320.0,4.6,7.9,1.6,88.0,0.0,0.697,2.33,0.0,1.33,1302.1,1083.2,53.33,0.051
narrow,Reactive+blindARQ,mild,400.0,30,17.0,0.0,33.1,400.0,5.3,9.6,2.1,116.7,0.0,0.971,2.73,0.0,1.73,1117.1,908.9,57.14,0.059
narrow,Reactive+blindARQ,mild,80.0,30,46.6,0.0,111.0,80.0,2.0,2.3,0.2,4.7,0.0,0.146,1.0,0.0,0.0,1745.3,1456.0,40.0,0.022
narrow,Reactive+blindARQ,mild,inf,30,0.0,0.0,0.0,828.0,8.7,18.5,5.1,308.0,0.0,1.324,3.93,0.0,3.93,36.8,243.1,60.0,0.096
narrow,Reactive+blindARQ,severe,160.0,30,36.61,0.0,87.3,160.0,2.7,10.5,0.4,20.7,0.0,1.553,1.53,0.0,0.53,1550.8,1289.3,53.33,0.03
narrow,Reactive+blindARQ,severe,240.0,30,36.22,0.0,85.6,240.0,2.7,14.9,1.3,78.0,0.0,1.654,1.57,0.0,0.57,1536.7,1276.3,60.0,0.03
narrow,Reactive+blindARQ,severe,320.0,30,25.65,0.0,56.5,320.0,4.6,20.9,1.6,88.7,0.0,1.956,2.37,0.0,1.37,1301.0,1087.6,53.33,0.051
narrow,Reactive+blindARQ,severe,400.0,30,16.78,0.0,32.7,400.0,5.3,24.1,2.0,115.3,0.0,2.248,2.7,0.0,1.7,1114.3,912.4,57.14,0.059
narrow,Reactive+blindARQ,severe,80.0,30,46.55,0.0,111.0,80.0,2.0,6.4,0.0,0.0,0.0,0.917,1.0,0.0,0.0,1745.2,1459.7,40.0,0.022
narrow,Reactive+blindARQ,severe,inf,30,0.0,0.0,0.0,826.0,8.6,46.1,5.1,308.0,0.0,3.08,3.53,0.0,3.53,39.6,259.5,60.0,0.096
narrow,TwinGate+T2,mild,160.0,30,24.74,0.0,54.2,160.0,6.8,9.5,2.4,48.0,83.2,0.476,7.33,0.07,6.27,1424.2,1283.0,20.0,0.075
narrow,TwinGate+T2,mild,240.0,30,8.87,0.0,10.7,240.0,10.5,14.8,3.4,67.3,79.5,0.7,10.73,0.07,9.67,1177.5,1112.9,20.0,0.116
narrow,TwinGate+T2,mild,320.0,30,0.0,0.0,0.0,314.0,13.1,18.9,5.1,102.7,76.9,0.782,12.67,0.07,12.23,554.5,754.5,20.0,0.146
narrow,TwinGate+T2,mild,400.0,30,0.0,0.0,0.0,324.0,13.3,19.4,5.5,110.0,76.7,0.782,12.53,0.07,12.37,381.3,716.8,20.0,0.147
narrow,TwinGate+T2,mild,80.0,30,40.59,0.0,97.4,80.0,3.1,4.4,1.3,25.3,86.9,0.135,4.03,0.0,3.03,1709.8,1466.9,20.0,0.035
narrow,TwinGate+T2,mild,inf,30,0.0,0.0,0.0,324.0,13.3,19.4,5.5,110.0,76.7,0.782,12.53,0.07,12.37,381.3,716.8,20.0,0.147
narrow,TwinGate+T2,severe,160.0,30,24.27,0.0,50.6,160.0,8.8,24.8,1.7,34.7,81.2,1.079,7.47,0.37,6.1,1477.7,1340.3,20.78,0.097
narrow,TwinGate+T2,severe,240.0,30,7.91,0.0,9.0,240.0,13.3,36.9,2.4,49.3,76.7,1.299,10.87,0.53,9.33,1246.8,1182.7,20.57,0.148
narrow,TwinGate+T2,severe,320.0,30,1.32,0.0,1.1,306.0,16.1,45.2,3.6,74.0,73.9,1.466,12.6,0.53,11.7,674.4,888.6,20.45,0.179
narrow,TwinGate+T2,severe,400.0,30,1.32,0.0,1.1,315.3,16.4,46.3,3.9,80.0,73.6,1.479,12.57,0.53,11.87,545.1,857.9,20.43,0.182
narrow,TwinGate+T2,severe,80.0,30,40.07,0.0,95.1,80.0,4.3,11.9,0.8,18.0,85.7,0.762,4.2,0.27,2.93,1738.5,1501.8,21.43,0.048
narrow,TwinGate+T2,severe,inf,30,1.32,0.0,1.1,315.3,16.4,46.3,3.9,80.0,73.6,1.479,12.57,0.53,11.87,545.1,857.9,20.43,0.182
narrow,TwinGate+T2+centre,mild,160.0,30,24.74,0.0,54.2,160.0,6.8,9.5,2.4,48.0,83.2,0.476,7.33,0.07,6.27,1424.2,1283.0,20.0,0.075
narrow,TwinGate+T2+centre,mild,240.0,30,8.87,0.0,10.7,240.0,10.5,14.8,3.4,67.3,79.5,0.7,10.73,0.07,9.67,1177.5,1112.9,20.0,0.116
narrow,TwinGate+T2+centre,mild,320.0,30,0.0,0.0,0.0,314.0,13.1,18.9,5.1,102.7,76.9,0.782,12.67,0.07,12.23,554.5,754.5,20.0,0.146
narrow,TwinGate+T2+centre,mild,400.0,30,0.0,0.0,0.0,324.0,13.3,19.4,5.5,110.0,76.7,0.782,12.53,0.07,12.37,381.3,716.8,20.0,0.147
narrow,TwinGate+T2+centre,mild,80.0,30,40.59,0.0,97.4,80.0,3.1,4.4,1.3,25.3,86.9,0.135,4.03,0.0,3.03,1709.8,1466.9,20.0,0.035
narrow,TwinGate+T2+centre,mild,inf,30,0.0,0.0,0.0,324.0,13.3,19.4,5.5,110.0,76.7,0.782,12.53,0.07,12.37,381.3,716.8,20.0,0.147
narrow,TwinGate+T2+centre,severe,160.0,30,24.27,0.0,50.6,160.0,8.8,24.8,1.7,34.7,81.2,1.079,7.47,0.37,6.1,1477.7,1340.3,20.78,0.097
narrow,TwinGate+T2+centre,severe,240.0,30,7.91,0.0,9.0,240.0,13.3,36.9,2.4,49.3,76.7,1.299,10.87,0.53,9.33,1246.8,1182.7,20.57,0.148
narrow,TwinGate+T2+centre,severe,320.0,30,1.32,0.0,1.1,306.0,16.1,45.2,3.6,74.0,73.9,1.466,12.6,0.53,11.7,674.4,888.6,20.45,0.179
narrow,TwinGate+T2+centre,severe,400.0,30,1.32,0.0,1.1,315.3,16.4,46.3,3.9,80.0,73.6,1.479,12.57,0.53,11.87,545.1,857.9,20.43,0.182
narrow,TwinGate+T2+centre,severe,80.0,30,40.07,0.0,95.1,80.0,4.3,11.9,0.8,18.0,85.7,0.762,4.2,0.27,2.93,1738.5,1501.8,21.43,0.048
narrow,TwinGate+T2+centre,severe,inf,30,1.32,0.0,1.1,315.3,16.4,46.3,3.9,80.0,73.6,1.479,12.57,0.53,11.87,545.1,857.9,20.43,0.182
narrow,TwinGate+blindARQ,mild,160.0,30,27.61,0.0,62.4,160.0,5.4,9.8,2.6,52.0,84.6,0.496,6.4,0.0,5.4,1463.1,1292.1,20.0,0.06
narrow,TwinGate+blindARQ,mild,240.0,30,13.33,0.0,22.3,240.0,8.3,15.6,3.7,74.0,81.7,0.777,9.3,0.0,8.3,1223.2,1119.8,20.0,0.092
narrow,TwinGate+blindARQ,mild,320.0,30,2.8,0.0,3.4,318.0,10.4,20.6,5.5,110.0,79.6,0.907,11.1,0.0,10.4,819.4,855.5,20.0,0.116
narrow,TwinGate+blindARQ,mild,400.0,30,0.55,0.0,0.6,357.3,11.4,23.0,6.5,129.3,78.6,0.941,11.63,0.0,11.4,453.1,700.5,20.0,0.127
narrow,TwinGate+blindARQ,mild,80.0,30,42.11,0.0,100.9,80.0,2.7,4.5,1.3,26.0,87.3,0.147,3.7,0.0,2.7,1727.4,1473.5,20.0,0.03
narrow,TwinGate+blindARQ,mild,inf,30,0.0,0.0,0.0,367.3,11.6,23.7,6.8,136.0,78.4,0.972,11.67,0.0,11.57,348.3,649.1,20.0,0.129
narrow,TwinGate+blindARQ,severe,160.0,30,27.31,0.0,61.6,160.0,5.4,25.0,2.6,52.0,84.6,1.319,6.4,0.0,5.4,1465.2,1294.8,20.0,0.06
narrow,TwinGate+blindARQ,severe,240.0,30,12.95,0.0,21.1,240.0,8.3,37.3,3.7,74.0,81.7,1.639,9.3,0.0,8.3,1229.2,1128.6,20.0,0.092
narrow,TwinGate+blindARQ,severe,320.0,30,2.34,0.0,2.6,318.0,10.4,51.0,5.5,110.0,79.6,2.004,11.1,0.0,10.4,827.5,854.7,20.0,0.116
narrow,TwinGate+blindARQ,severe,400.0,30,0.33,0.0,0.3,356.0,11.3,56.3,6.5,129.3,78.7,2.1,11.6,0.0,11.33,491.7,701.1,20.0,0.126
narrow,TwinGate+blindARQ,severe,80.0,30,42.0,0.0,100.6,80.0,2.7,11.2,1.3,26.0,87.3,0.831,3.7,0.0,2.7,1728.5,1474.4,20.0,0.03
narrow,TwinGate+blindARQ,severe,inf,30,0.0,0.0,0.0,366.0,11.5,57.3,6.8,136.0,78.5,2.109,11.63,0.0,11.5,393.0,660.8,20.0,0.128
