field,budget,epoch_h,unsafe_pct,severe_pct,water_mm,awd_eff,awd_short,withheld,dup,dup_mm,stress_h,cmd_per_day,alloc,total_budget_mm,slots_per_day,network,seed,year
F1_dat_cat,120.0,24,29.9074,0.0,120.0,0,2,82,1,20.0,1339,0.089,equal,720.0,6,severe,7,2024
F2_thit,120.0,24,33.287,0.0,120.0,1,2,81,1,20.0,1322,0.1,equal,720.0,6,severe,7,2024
F3_set,120.0,24,31.3426,0.0,120.0,0,1,82,1,20.0,1336,0.089,equal,720.0,6,severe,7,2024
F4_thit_soc,120.0,24,33.5185,0.0,120.0,0,3,83,1,20.0,1387,0.078,equal,720.0,6,severe,7,2024
F5_set_camau,120.0,24,28.9815,0.0,120.0,0,4,80,1,20.0,1366,0.111,equal,720.0,6,severe,7,2024
F6_cat_camau,120.0,24,27.7315,0.0,120.0,0,1,82,1,20.0,1353,0.089,equal,720.0,6,severe,7,2024
F1_dat_cat,120.0,24,30.0,0.0,120.0,0,2,82,1,20.0,1363,0.089,equal,720.0,6,severe,11,2024
F2_thit,120.0,24,34.4907,0.0,120.0,0,3,84,3,60.0,1293,0.067,equal,720.0,6,severe,11,2024
F3_set,120.0,24,31.3426,0.0,120.0,0,4,81,1,20.0,1396,0.1,equal,720.0,6,severe,11,2024
F4_thit_soc,120.0,24,34.4444,0.0,120.0,0,3,85,2,40.0,1329,0.056,equal,720.0,6,severe,11,2024
F5_set_camau,120.0,24,29.8148,0.0,120.0,0,4,80,1,20.0,1395,0.111,equal,720.0,6,severe,11,2024
F6_cat_camau,120.0,24,27.7315,0.0,120.0,0,1,82,2,40.0,1367,0.089,equal,720.0,6,severe,11,2024
F1_dat_cat,120.0,72,25.3241,0.0,120.0,1,3,21,1,20.0,1471,0.1,equal,720.0,2,severe,7,2024
F2_thit,120.0,72,29.5833,0.0,120.0,2,3,21,1,20.0,1429,0.1,equal,720.0,2,severe,7,2024
F3_set,120.0,72,27.4074,0.0,120.0,2,2,22,1,20.0,1496,0.089,equal,720.0,2,severe,7,2024
F4_thit_soc,120.0,72,28.75,0.0,120.0,2,2,22,1,20.0,1502,0.089,equal,720.0,2,severe,7,2024
F5_set_camau,120.0,72,24.537,0.0,120.0,2,2,22,1,20.0,1435,0.089,equal,720.0,2,severe,7,2024
F6_cat_camau,120.0,72,23.2407,0.0,120.0,1,2,22,1,20.0,1426,0.089,equal,720.0,2,severe,7,2024
F1_dat_cat,120.0,72,26.8519,0.0,120.0,1,2,23,2,40.0,1388,0.078,equal,720.0,2,severe,11,2024
F2_thit,120.0,72,29.2593,0.0,120.0,2,2,23,2,40.0,1397,0.078,equal,720.0,2,severe,11,2024
F3_set,120.0,72,28.1019,0.0,120.0,2,2,23,2,40.0,1449,0.078,equal,720.0,2,severe,11,2024
F4_thit_soc,120.0,72,28.9815,0.0,120.0,2,2,23,2,40.0,1472,0.078,equal,720.0,2,severe,11,2024
F5_set_camau,120.0,72,27.7315,0.0,120.0,1,3,23,2,40.0,1400,0.078,equal,720.0,2,severe,11,2024
F6_cat_camau,120.0,72,25.3704,0.0,120.0,1,2,25,3,60.0,1383,0.056,equal,720.0,2,severe,11,2024
F1_dat_cat,124.40407388518244,24,29.9074,0.0,120.0,0,2,82,1,20.0,1339,0.089,deficit,720.0,6,severe,7,2024
F2_thit,124.40407388518244,24,33.287,0.0,120.0,1,2,81,1,20.0,1322,0.1,deficit,720.0,6,severe,7,2024
F3_set,120.14328294453883,24,31.3426,0.0,120.0,0,1,82,1,20.0,1336,0.089,deficit,720.0,6,severe,7,2024
F4_thit_soc,120.14328294453883,24,33.5185,0.0,120.0,0,3,83,1,20.0,1387,0.078,deficit,720.0,6,severe,7,2024
F5_set_camau,115.45264317027875,24,32.2222,0.0,100.0,0,3,82,1,20.0,1425,0.089,deficit,720.0,6,severe,7,2024
F6_cat_camau,115.45264317027875,24,30.8796,0.0,100.0,0,1,83,1,20.0,1414,0.078,deficit,720.0,6,severe,7,2024
F1_dat_cat,124.40407388518244,24,30.0,0.0,120.0,0,2,82,1,20.0,1363,0.089,deficit,720.0,6,severe,11,2024
F2_thit,124.40407388518244,24,34.4907,0.0,120.0,0,3,84,3,60.0,1293,0.067,deficit,720.0,6,severe,11,2024
F3_set,120.14328294453883,24,31.3426,0.0,120.0,0,4,81,1,20.0,1396,0.1,deficit,720.0,6,severe,11,2024
F4_thit_soc,120.14328294453883,24,34.4444,0.0,120.0,0,3,85,2,40.0,1329,0.056,deficit,720.0,6,severe,11,2024
F5_set_camau,115.45264317027875,24,33.1019,0.0,100.0,0,3,82,1,20.0,1434,0.089,deficit,720.0,6,severe,11,2024
F6_cat_camau,115.45264317027875,24,30.9722,0.0,100.0,0,1,84,2,40.0,1427,0.067,deficit,720.0,6,severe,11,2024
F1_dat_cat,124.40407388518244,72,25.3241,0.0,120.0,1,3,21,1,20.0,1471,0.1,deficit,720.0,2,severe,7,2024
F2_thit,124.40407388518244,72,29.5833,0.0,120.0,2,3,21,1,20.0,1429,0.1,deficit,720.0,2,severe,7,2024
F3_set,120.14328294453883,72,27.4074,0.0,120.0,2,2,22,1,20.0,1496,0.089,deficit,720.0,2,severe,7,2024
F4_thit_soc,120.14328294453883,72,28.75,0.0,120.0,2,2,22,1,20.0,1502,0.089,deficit,720.0,2,severe,7,2024
F5_set_camau,115.45264317027875,72,32.0833,0.0,100.0,1,2,25,1,20.0,1435,0.056,deficit,720.0,2,severe,7,2024
F6_cat_camau,115.45264317027875,72,30.0463,0.0,100.0,0,2,25,1,20.0,1426,0.056,deficit,720.0,2,severe,7,2024
F1_dat_cat,124.40407388518244,72,26.8519,0.0,120.0,1,2,23,2,40.0,1388,0.078,deficit,720.0,2,severe,11,2024
F2_thit,124.40407388518244,72,29.2593,0.0,120.0,2,2,23,2,40.0,1397,0.078,deficit,720.0,2,severe,11,2024
F3_set,120.14328294453883,72,28.1019,0.0,120.0,2,2,23,2,40.0,1449,0.078,deficit,720.0,2,severe,11,2024
F4_thit_soc,120.14328294453883,72,28.9815,0.0,120.0,2,2,23,2,40.0,1472,0.078,deficit,720.0,2,severe,11,2024
F5_set_camau,115.45264317027875,72,32.2222,0.0,100.0,0,3,26,2,40.0,1407,0.044,deficit,720.0,2,severe,11,2024
F6_cat_camau,115.45264317027875,72,30.787,0.0,100.0,0,2,27,3,60.0,1383,0.033,deficit,720.0,2,severe,11,2024
F1_dat_cat,120.0,24,16.9907,0.0,120.0,4,0,83,1,20.0,1596,0.078,gate,720.0,6,severe,7,2024
F2_thit,120.0,24,24.7685,0.0,120.0,5,0,83,2,40.0,1520,0.078,gate,720.0,6,severe,7,2024
F3_set,120.0,24,18.8889,0.0,120.0,6,0,81,0,0.0,1677,0.1,gate,720.0,6,severe,7,2024
F4_thit_soc,120.0,24,24.4907,0.0,120.0,5,0,84,2,40.0,1600,0.067,gate,720.0,6,severe,7,2024
F5_set_camau,120.0,24,14.3981,0.0,120.0,6,0,80,1,20.0,1658,0.111,gate,720.0,6,severe,7,2024
F6_cat_camau,120.0,24,13.2407,0.0,120.0,5,0,85,2,40.0,1611,0.056,gate,720.0,6,severe,7,2024
F1_dat_cat,120.0,24,22.6389,0.0,120.0,3,0,86,3,60.0,1488,0.044,gate,720.0,6,severe,11,2024
F2_thit,120.0,24,26.8981,0.0,120.0,4,0,85,2,40.0,1423,0.056,gate,720.0,6,severe,11,2024
F3_set,120.0,24,24.4444,0.0,120.0,4,0,86,2,40.0,1556,0.044,gate,720.0,6,severe,11,2024
F4_thit_soc,120.0,24,26.7593,0.0,120.0,4,0,86,2,40.0,1517,0.044,gate,720.0,6,severe,11,2024
F5_set_camau,120.0,24,16.8056,0.0,120.0,5,0,84,2,40.0,1599,0.067,gate,720.0,6,severe,11,2024
F6_cat_camau,120.0,24,19.0278,0.0,120.0,3,0,86,3,60.0,1490,0.044,gate,720.0,6,severe,11,2024
F1_dat_cat,120.0,72,19.9074,0.0,120.0,4,0,21,1,20.0,1579,0.1,gate,720.0,2,severe,7,2024
F2_thit,120.0,72,23.4722,0.0,120.0,5,0,20,0,0.0,1552,0.111,gate,720.0,2,severe,7,2024
F3_set,120.0,72,21.25,0.0,120.0,4,0,21,1,20.0,1623,0.1,gate,720.0,2,severe,7,2024
F4_thit_soc,120.0,72,22.4537,0.0,120.0,5,0,20,0,0.0,1676,0.111,gate,720.0,2,severe,7,2024
F5_set_camau,120.0,72,14.2593,0.0,120.0,4,0,23,1,20.0,1600,0.078,gate,720.0,2,severe,7,2024
F6_cat_camau,120.0,72,9.4444,0.0,120.0,3,0,21,2,40.0,1596,0.1,gate,720.0,2,severe,7,2024
F1_dat_cat,120.0,72,21.7593,0.0,120.0,3,0,25,3,60.0,1514,0.056,gate,720.0,2,severe,11,2024
F2_thit,120.0,72,29.3056,0.0,120.0,3,0,24,3,60.0,1432,0.067,gate,720.0,2,severe,11,2024
F3_set,120.0,72,23.4259,0.0,120.0,3,0,25,3,60.0,1517,0.056,gate,720.0,2,severe,11,2024
F4_thit_soc,120.0,72,28.0556,0.0,120.0,3,0,24,3,60.0,1516,0.067,gate,720.0,2,severe,11,2024
F5_set_camau,120.0,72,19.3981,0.0,120.0,3,0,26,3,60.0,1488,0.044,gate,720.0,2,severe,11,2024
F6_cat_camau,120.0,72,16.8056,0.0,120.0,3,0,27,3,60.0,1533,0.033,gate,720.0,2,severe,11,2024
