station,network,policy,seed,budget_mm,fidelity,sigma_frac,year,hours,hours_unsafe,hours_severe,stress_integral,water_applied_mm,commands_generated,commands_sent,commands_delivered,resends_sent,double_irrigations,water_wasted_dup_mm,withheld,uplink_success,twin_rmse,awd_cycles,awd_effective,awd_short,awd_dry_hours,stress_hours
can_tho,mild,TwinGate+T2,7,80.0,awd,0.02,2024,2160,797,0,93.8265,80.0,3,5,4,2,2,40.0,87,1839,0.4303,4,3,0,1808,1503
can_tho,mild,TwinGate+T2,11,80.0,awd,0.02,2024,2160,813,0,94.5411,80.0,3,5,4,2,2,40.0,87,1812,0.4303,4,3,0,1819,1503
can_tho,mild,TwinGate+blindARQ,7,80.0,awd,0.02,2024,2160,846,0,100.8068,80.0,2,6,4,4,2,40.0,88,1839,0.6086,3,2,0,1765,1442
can_tho,mild,TwinGate+blindARQ,11,80.0,awd,0.02,2024,2160,869,0,103.7243,80.0,2,5,4,3,2,40.0,88,1812,0.4303,3,2,0,1787,1450
can_tho,mild,Reactive+T2,7,80.0,awd,0.02,2024,2160,1028,0,123.1477,80.0,2,2,2,0,1,20.0,0,1839,0.0,1,0,0,1761,1393
can_tho,mild,Reactive+T2,11,80.0,awd,0.02,2024,2160,1028,0,123.1477,80.0,2,2,2,0,1,20.0,0,1812,0.0,1,0,0,1761,1393
can_tho,mild,Reactive+blindARQ,7,80.0,awd,0.02,2024,2160,1028,0,123.1477,80.0,2,2,2,0,1,20.0,0,1839,0.0,1,0,0,1761,1393
can_tho,mild,Reactive+blindARQ,11,80.0,awd,0.02,2024,2160,1028,0,123.1477,80.0,2,2,2,0,1,20.0,0,1812,0.0,1,0,0,1761,1393
can_tho,mild,FixedSchedule,7,80.0,awd,0.02,2024,2160,1172,0,144.3466,80.0,2,2,2,0,1,20.0,0,1839,0.0,1,0,0,1906,1524
can_tho,mild,FixedSchedule,11,80.0,awd,0.02,2024,2160,1172,0,144.3466,80.0,2,2,2,0,1,20.0,0,1812,0.0,1,0,0,1906,1524
can_tho,mild,Oracle,7,80.0,awd,0.02,2024,2160,720,0,82.8209,80.0,4,8,4,4,1,20.0,0,1839,1.387,5,4,0,1905,1584
can_tho,mild,Oracle,11,80.0,awd,0.02,2024,2160,720,0,82.8212,80.0,4,5,4,1,2,40.0,0,1812,0.4303,5,4,0,1902,1584
can_tho,mild,TwinGate+T2+centre,7,80.0,awd,0.02,2024,2160,931,0,110.9455,80.0,2,4,4,2,2,40.0,88,1839,0.0,3,0,2,1690,1358
can_tho,mild,TwinGate+T2+centre,11,80.0,awd,0.02,2024,2160,920,0,110.6713,80.0,3,4,4,1,2,40.0,87,1812,0.0,3,0,2,1689,1375
can_tho,mild,TwinGate+T2,7,80.0,narrow,0.1,2024,2160,907,0,108.0223,80.0,3,6,4,3,2,40.0,87,1839,0.9622,3,0,2,1733,1404
can_tho,mild,TwinGate+T2,11,80.0,narrow,0.1,2024,2160,897,0,107.9114,80.0,3,5,4,2,1,20.0,87,1812,0.4303,4,0,3,1737,1424
can_tho,mild,TwinGate+blindARQ,7,80.0,narrow,0.1,2024,2160,915,0,109.2526,80.0,2,7,4,5,2,40.0,88,1839,1.0541,3,0,2,1718,1386
can_tho,mild,TwinGate+blindARQ,11,80.0,narrow,0.1,2024,2160,986,0,118.9749,80.0,2,5,4,3,2,40.0,88,1812,0.4303,3,0,2,1758,1415
can_tho,mild,Reactive+T2,7,80.0,narrow,0.1,2024,2160,1028,0,123.1477,80.0,2,2,2,0,1,20.0,0,1839,0.0,1,0,0,1761,1393
can_tho,mild,Reactive+T2,11,80.0,narrow,0.1,2024,2160,1028,0,123.1477,80.0,2,2,2,0,1,20.0,0,1812,0.0,1,0,0,1761,1393
can_tho,mild,Reactive+blindARQ,7,80.0,narrow,0.1,2024,2160,1028,0,123.1477,80.0,2,2,2,0,1,20.0,0,1839,0.0,1,0,0,1761,1393
can_tho,mild,Reactive+blindARQ,11,80.0,narrow,0.1,2024,2160,1028,0,123.1477,80.0,2,2,2,0,1,20.0,0,1812,0.0,1,0,0,1761,1393
can_tho,mild,FixedSchedule,7,80.0,narrow,0.1,2024,2160,1172,0,144.3466,80.0,2,2,2,0,1,20.0,0,1839,0.0,1,0,0,1906,1524
can_tho,mild,FixedSchedule,11,80.0,narrow,0.1,2024,2160,1172,0,144.3466,80.0,2,2,2,0,1,20.0,0,1812,0.0,1,0,0,1906,1524
can_tho,mild,Oracle,7,80.0,narrow,0.1,2024,2160,720,0,82.8209,80.0,4,8,4,4,1,20.0,0,1839,1.387,5,4,0,1905,1584
can_tho,mild,Oracle,11,80.0,narrow,0.1,2024,2160,720,0,82.8212,80.0,4,5,4,1,2,40.0,0,1812,0.4303,5,4,0,1902,1584
can_tho,mild,TwinGate+T2+centre,7,80.0,narrow,0.1,2024,2160,907,0,108.0223,80.0,3,6,4,3,2,40.0,87,1839,0.9622,3,0,2,1733,1404
can_tho,mild,TwinGate+T2+centre,11,80.0,narrow,0.1,2024,2160,897,0,107.9114,80.0,3,5,4,2,1,20.0,87,1812,0.4303,4,0,3,1737,1424
can_tho,mild,TwinGate+T2,7,240.0,awd,0.02,2024,2160,0,0,0.0,240.0,9,14,12,5,4,80.0,81,1839,0.6086,10,9,0,1544,1230
can_tho,mild,TwinGate+T2,11,240.0,awd,0.02,2024,2160,0,0,0.0,240.0,11,16,12,5,5,100.0,79,1812,0.8607,11,10,0,1580,1232
can_tho,mild,TwinGate+blindARQ,7,240.0,awd,0.02,2024,2160,0,0,0.0,240.0,8,14,12,6,4,80.0,82,1839,0.6086,9,8,0,1487,1187
can_tho,mild,TwinGate+blindARQ,11,240.0,awd,0.02,2024,2160,35,0,0.581,240.0,7,13,12,6,5,100.0,83,1812,0.4303,8,7,0,1448,1151
can_tho,mild,Reactive+T2,7,240.0,awd,0.02,2024,2160,600,0,66.5025,240.0,4,6,4,2,2,120.0,0,1839,0.9512,2,0,1,1344,1032
can_tho,mild,Reactive+T2,11,240.0,awd,0.02,2024,2160,749,0,88.3602,240.0,3,4,4,1,2,120.0,0,1812,0.0,2,0,1,1515,1186
can_tho,mild,Reactive+blindARQ,7,240.0,awd,0.02,2024,2160,939,0,112.8325,240.0,2,5,4,3,2,120.0,0,1839,0.0002,1,0,0,1690,1321
can_tho,mild,Reactive+blindARQ,11,240.0,awd,0.02,2024,2160,939,0,112.8391,240.0,2,5,4,3,2,120.0,0,1812,0.0002,1,0,0,1690,1321
can_tho,mild,FixedSchedule,7,240.0,awd,0.02,2024,2160,1133,0,140.3169,240.0,2,7,4,5,2,120.0,0,1839,0.597,1,0,0,1881,1487
can_tho,mild,FixedSchedule,11,240.0,awd,0.02,2024,2160,1133,0,140.3185,240.0,2,4,4,2,2,120.0,0,1812,0.0,1,0,0,1881,1487
can_tho,mild,Oracle,7,240.0,awd,0.02,2024,2160,0,0,0.0,200.0,10,14,10,4,3,60.0,0,1839,1.387,11,10,0,1813,1470
can_tho,mild,Oracle,11,240.0,awd,0.02,2024,2160,0,0,0.0,200.0,10,13,10,3,5,100.0,0,1812,0.7454,11,10,0,1812,1470
can_tho,mild,TwinGate+T2+centre,7,240.0,awd,0.02,2024,2160,292,0,24.4738,240.0,9,15,12,6,4,80.0,81,1839,0.7454,8,0,7,1131,929
can_tho,mild,TwinGate+T2+centre,11,240.0,awd,0.02,2024,2160,293,0,24.8835,240.0,9,13,12,4,5,100.0,81,1812,0.4303,7,0,6,1106,926
can_tho,mild,TwinGate+T2,7,240.0,narrow,0.1,2024,2160,247,0,19.0376,240.0,9,14,12,5,4,80.0,81,1839,0.9622,9,0,8,1184,1017
can_tho,mild,TwinGate+T2,11,240.0,narrow,0.1,2024,2160,248,0,19.1599,240.0,9,14,12,5,4,80.0,81,1812,0.6086,10,0,9,1213,1037
can_tho,mild,TwinGate+blindARQ,7,240.0,narrow,0.1,2024,2160,270,0,21.9683,240.0,8,15,12,7,4,80.0,82,1839,1.0541,9,0,8,1143,981
can_tho,mild,TwinGate+blindARQ,11,240.0,narrow,0.1,2024,2160,336,0,29.4884,240.0,7,15,12,8,5,100.0,83,1812,0.7454,8,0,7,1234,1021
can_tho,mild,Reactive+T2,7,240.0,narrow,0.1,2024,2160,600,0,66.5025,240.0,4,6,4,2,2,120.0,0,1839,0.9512,2,0,1,1344,1032
can_tho,mild,Reactive+T2,11,240.0,narrow,0.1,2024,2160,749,0,88.3602,240.0,3,4,4,1,2,120.0,0,1812,0.0,2,0,1,1515,1186
can_tho,mild,Reactive+blindARQ,7,240.0,narrow,0.1,2024,2160,939,0,112.8325,240.0,2,5,4,3,2,120.0,0,1839,0.0002,1,0,0,1690,1321
can_tho,mild,Reactive+blindARQ,11,240.0,narrow,0.1,2024,2160,939,0,112.8391,240.0,2,5,4,3,2,120.0,0,1812,0.0002,1,0,0,1690,1321
can_tho,mild,FixedSchedule,7,240.0,narrow,0.1,2024,2160,1133,0,140.3169,240.0,2,7,4,5,2,120.0,0,1839,0.597,1,0,0,1881,1487
can_tho,mild,FixedSchedule,11,240.0,narrow,0.1,2024,2160,1133,0,140.3185,240.0,2,4,4,2,2,120.0,0,1812,0.0,1,0,0,1881,1487
can_tho,mild,Oracle,7,240.0,narrow,0.1,2024,2160,0,0,0.0,200.0,10,14,10,4,3,60.0,0,1839,1.387,11,10,0,1813,1470
can_tho,mild,Oracle,11,240.0,narrow,0.1,2024,2160,0,0,0.0,200.0,10,13,10,3,5,100.0,0,1812,0.7454,11,10,0,1812,1470
can_tho,mild,TwinGate+T2+centre,7,240.0,narrow,0.1,2024,2160,247,0,19.0376,240.0,9,14,12,5,4,80.0,81,1839,0.9622,9,0,8,1184,1017
can_tho,mild,TwinGate+T2+centre,11,240.0,narrow,0.1,2024,2160,248,0,19.1599,240.0,9,14,12,5,4,80.0,81,1812,0.6086,10,0,9,1213,1037
can_tho,mild,TwinGate+T2,7,400.0,awd,0.02,2024,2160,0,0,0.0,340.0,14,22,17,8,7,140.0,76,1839,1.054,10,3,7,413,732
can_tho,mild,TwinGate+T2,11,400.0,awd,0.02,2024,2160,0,0,0.0,320.0,13,21,16,8,7,140.0,77,1812,0.9623,10,3,7,421,718
can_tho,mild,TwinGate+blindARQ,7,400.0,awd,0.02,2024,2160,0,0,0.0,360.0,10,23,18,13,8,160.0,80,1839,0.9623,9,3,6,378,677
can_tho,mild,TwinGate+blindARQ,11,400.0,awd,0.02,2024,2160,0,0,0.0,320.0,9,21,16,12,7,140.0,81,1812,0.9623,9,3,6,441,687
can_tho,mild,Reactive+T2,7,400.0,awd,0.02,2024,2160,126,0,6.067,400.0,7,9,7,2,3,160.0,0,1839,0.9512,3,0,2,897,580
can_tho,mild,Reactive+T2,11,400.0,awd,0.02,2024,2160,458,0,45.6056,400.0,5,7,7,2,4,220.0,0,1812,0.0,2,0,1,1197,895
can_tho,mild,Reactive+blindARQ,7,400.0,awd,0.02,2024,2160,458,0,45.6056,400.0,5,9,7,4,3,160.0,0,1839,0.951,2,0,1,1198,896
can_tho,mild,Reactive+blindARQ,11,400.0,awd,0.02,2024,2160,602,0,67.4209,400.0,4,8,7,4,4,220.0,0,1812,0.0002,2,0,1,1346,1049
can_tho,mild,FixedSchedule,7,400.0,awd,0.02,2024,2160,726,0,84.9504,400.0,5,13,7,8,3,160.0,0,1839,1.3373,1,0,0,1478,1113
can_tho,mild,FixedSchedule,11,400.0,awd,0.02,2024,2160,858,0,101.3574,400.0,4,8,7,4,4,220.0,0,1812,0.6703,2,0,1,1609,1257
can_tho,mild,Oracle,7,400.0,awd,0.02,2024,2160,0,0,0.0,340.0,12,16,12,4,3,100.0,0,1839,1.387,8,3,5,393,650
can_tho,mild,Oracle,11,400.0,awd,0.02,2024,2160,0,0,0.0,340.0,12,18,12,6,4,100.0,0,1812,1.291,8,3,5,391,655
can_tho,mild,TwinGate+T2+centre,7,400.0,awd,0.02,2024,2160,0,0,0.0,360.0,13,22,18,9,8,160.0,77,1839,0.9622,8,0,8,102,388
can_tho,mild,TwinGate+T2+centre,11,400.0,awd,0.02,2024,2160,0,0,0.0,360.0,14,21,18,7,6,120.0,76,1812,0.7454,9,0,9,95,435
can_tho,mild,TwinGate+T2,7,400.0,narrow,0.1,2024,2160,0,0,0.0,340.0,11,19,17,8,7,140.0,79,1839,0.9622,10,0,10,235,544
can_tho,mild,TwinGate+T2,11,400.0,narrow,0.1,2024,2160,0,0,0.0,340.0,12,19,17,7,6,120.0,78,1812,0.6086,12,0,12,297,616
can_tho,mild,TwinGate+blindARQ,7,400.0,narrow,0.1,2024,2160,0,0,0.0,360.0,10,24,18,14,8,160.0,80,1839,1.291,10,0,10,172,486
can_tho,mild,TwinGate+blindARQ,11,400.0,narrow,0.1,2024,2160,0,0,0.0,360.0,11,23,18,12,7,140.0,79,1812,0.9623,11,0,11,257,547
can_tho,mild,Reactive+T2,7,400.0,narrow,0.1,2024,2160,126,0,6.067,400.0,7,9,7,2,3,160.0,0,1839,0.9512,3,0,2,897,580
can_tho,mild,Reactive+T2,11,400.0,narrow,0.1,2024,2160,458,0,45.6056,400.0,5,7,7,2,4,220.0,0,1812,0.0,2,0,1,1197,895
can_tho,mild,Reactive+blindARQ,7,400.0,narrow,0.1,2024,2160,458,0,45.6056,400.0,5,9,7,4,3,160.0,0,1839,0.951,2,0,1,1198,896
can_tho,mild,Reactive+blindARQ,11,400.0,narrow,0.1,2024,2160,602,0,67.4209,400.0,4,8,7,4,4,220.0,0,1812,0.0002,2,0,1,1346,1049
can_tho,mild,FixedSchedule,7,400.0,narrow,0.1,2024,2160,726,0,84.9504,400.0,5,13,7,8,3,160.0,0,1839,1.3373,1,0,0,1478,1113
can_tho,mild,FixedSchedule,11,400.0,narrow,0.1,2024,2160,858,0,101.3574,400.0,4,8,7,4,4,220.0,0,1812,0.6703,2,0,1,1609,1257
can_tho,mild,Oracle,7,400.0,narrow,0.1,2024,2160,0,0,0.0,340.0,12,16,12,4,3,100.0,0,1839,1.387,8,3,5,393,650
can_tho,mild,Oracle,11,400.0,narrow,0.1,2024,2160,0,0,0.0,340.0,12,18,12,6,4,100.0,0,1812,1.291,8,3,5,391,655
can_tho,mild,TwinGate+T2+centre,7,400.0,narrow,0.1,2024,2160,0,0,0.0,340.0,11,19,17,8,7,140.0,79,1839,0.9622,10,0,10,235,544
can_tho,mild,TwinGate+T2+centre,11,400.0,narrow,0.1,2024,2160,0,0,0.0,340.0,12,19,17,7,6,120.0,78,1812,0.6086,12,0,12,297,616
can_tho,mild,TwinGate+T2,7,inf,awd,0.02,2024,2160,0,0,0.0,360.0,13,22,18,9,8,160.0,77,1839,0.9622,8,0,8,102,388
can_tho,mild,TwinGate+T2,11,inf,awd,0.02,2024,2160,0,0,0.0,360.0,14,21,18,7,6,120.0,76,1812,0.7454,9,0,9,95,435
can_tho,mild,TwinGate+blindARQ,7,inf,awd,0.02,2024,2160,0,0,0.0,380.0,11,23,19,12,8,160.0,79,1839,0.9622,8,0,8,87,363
can_tho,mild,TwinGate+blindARQ,11,inf,awd,0.02,2024,2160,0,0,0.0,380.0,12,22,19,10,7,140.0,78,1812,0.7454,7,0,7,74,373
can_tho,mild,Reactive+T2,7,inf,awd,0.02,2024,2160,0,0,0.0,660.0,9,13,11,4,4,240.0,0,1839,0.9512,4,0,4,43,227
can_tho,mild,Reactive+T2,11,inf,awd,0.02,2024,2160,0,0,0.0,900.0,9,16,15,7,7,420.0,0,1812,0.8765,4,0,4,42,227
can_tho,mild,Reactive+blindARQ,7,inf,awd,0.02,2024,2160,0,0,0.0,900.0,9,19,15,10,6,360.0,0,1839,0.951,4,0,4,43,228
can_tho,mild,Reactive+blindARQ,11,inf,awd,0.02,2024,2160,0,0,0.0,960.0,9,18,16,9,7,420.0,0,1812,0.8773,4,0,4,42,228
can_tho,mild,FixedSchedule,7,inf,awd,0.02,2024,2160,0,0,0.0,1560.0,18,34,26,16,8,480.0,0,1839,1.6662,0,0,0,0,1
can_tho,mild,FixedSchedule,11,inf,awd,0.02,2024,2160,0,0,0.0,1500.0,18,30,25,12,7,420.0,0,1812,1.1547,0,0,0,0,2
can_tho,mild,Oracle,7,inf,awd,0.02,2024,2160,0,0,0.0,380.0,19,25,19,6,7,140.0,0,1839,1.0541,0,0,0,0,0
can_tho,mild,Oracle,11,inf,awd,0.02,2024,2160,0,0,0.0,380.0,19,25,19,6,5,100.0,0,1812,1.0541,0,0,0,0,0
can_tho,mild,TwinGate+T2+centre,7,inf,awd,0.02,2024,2160,0,0,0.0,360.0,13,22,18,9,8,160.0,77,1839,0.9622,8,0,8,102,388
can_tho,mild,TwinGate+T2+centre,11,inf,awd,0.02,2024,2160,0,0,0.0,360.0,14,21,18,7,6,120.0,76,1812,0.7454,9,0,9,95,435
can_tho,mild,TwinGate+T2,7,inf,narrow,0.1,2024,2160,0,0,0.0,340.0,11,19,17,8,7,140.0,79,1839,0.9622,10,0,10,235,544
can_tho,mild,TwinGate+T2,11,inf,narrow,0.1,2024,2160,0,0,0.0,340.0,12,19,17,7,6,120.0,78,1812,0.6086,12,0,12,297,616
can_tho,mild,TwinGate+blindARQ,7,inf,narrow,0.1,2024,2160,0,0,0.0,360.0,10,24,18,14,8,160.0,80,1839,1.291,10,0,10,172,486
can_tho,mild,TwinGate+blindARQ,11,inf,narrow,0.1,2024,2160,0,0,0.0,360.0,11,23,18,12,7,140.0,79,1812,0.9623,11,0,11,257,547
can_tho,mild,Reactive+T2,7,inf,narrow,0.1,2024,2160,0,0,0.0,660.0,9,13,11,4,4,240.0,0,1839,0.9512,4,0,4,43,227
can_tho,mild,Reactive+T2,11,inf,narrow,0.1,2024,2160,0,0,0.0,900.0,9,16,15,7,7,420.0,0,1812,0.8765,4,0,4,42,227
can_tho,mild,Reactive+blindARQ,7,inf,narrow,0.1,2024,2160,0,0,0.0,900.0,9,19,15,10,6,360.0,0,1839,0.951,4,0,4,43,228
can_tho,mild,Reactive+blindARQ,11,inf,narrow,0.1,2024,2160,0,0,0.0,960.0,9,18,16,9,7,420.0,0,1812,0.8773,4,0,4,42,228
can_tho,mild,FixedSchedule,7,inf,narrow,0.1,2024,2160,0,0,0.0,1560.0,18,34,26,16,8,480.0,0,1839,1.6662,0,0,0,0,1
can_tho,mild,FixedSchedule,11,inf,narrow,0.1,2024,2160,0,0,0.0,1500.0,18,30,25,12,7,420.0,0,1812,1.1547,0,0,0,0,2
can_tho,mild,Oracle,7,inf,narrow,0.1,2024,2160,0,0,0.0,380.0,19,25,19,6,7,140.0,0,1839,1.0541,0,0,0,0,0
can_tho,mild,Oracle,11,inf,narrow,0.1,2024,2160,0,0,0.0,380.0,19,25,19,6,5,100.0,0,1812,1.0541,0,0,0,0,0
can_tho,mild,TwinGate+T2+centre,7,inf,narrow,0.1,2024,2160,0,0,0.0,340.0,11,19,17,8,7,140.0,79,1839,0.9622,10,0,10,235,544
can_tho,mild,TwinGate+T2+centre,11,inf,narrow,0.1,2024,2160,0,0,0.0,340.0,12,19,17,7,6,120.0,78,1812,0.6086,12,0,12,297,616
can_tho,severe,TwinGate+T2,7,80.0,awd,0.02,2024,2160,773,0,91.4841,80.0,4,12,4,8,2,40.0,86,1839,1.0539,4,3,0,1815,1521
can_tho,severe,TwinGate+T2,11,80.0,awd,0.02,2024,2160,774,0,91.6711,80.0,4,14,4,10,1,20.0,86,1812,1.1876,4,3,0,1842,1503
can_tho,severe,TwinGate+blindARQ,7,80.0,awd,0.02,2024,2160,846,0,100.6925,80.0,2,20,4,18,2,40.0,88,1839,2.281,3,2,0,1766,1454
can_tho,severe,TwinGate+blindARQ,11,80.0,awd,0.02,2024,2160,869,0,103.7243,80.0,2,6,4,4,2,40.0,88,1812,1.1069,3,2,0,1786,1449
can_tho,severe,Reactive+T2,7,80.0,awd,0.02,2024,2160,1013,0,122.5056,80.0,3,9,2,6,0,0.0,0,1839,0.9351,2,0,1,1774,1419
can_tho,severe,Reactive+T2,11,80.0,awd,0.02,2024,2160,1028,0,123.1371,80.0,2,4,2,2,1,20.0,0,1812,1.0297,1,0,0,1761,1395
can_tho,severe,Reactive+blindARQ,7,80.0,awd,0.02,2024,2160,1025,0,123.0455,80.0,2,12,2,10,0,0.0,0,1839,1.7562,1,0,0,1761,1403
can_tho,severe,Reactive+blindARQ,11,80.0,awd,0.02,2024,2160,1028,0,123.1371,80.0,2,4,2,2,1,20.0,0,1812,1.0297,1,0,0,1761,1395
can_tho,severe,FixedSchedule,7,80.0,awd,0.02,2024,2160,1155,0,142.9003,80.0,2,18,2,16,0,0.0,0,1839,5.9176,2,0,1,1913,1546
can_tho,severe,FixedSchedule,11,80.0,awd,0.02,2024,2160,1171,0,144.3276,80.0,2,5,2,3,0,0.0,0,1812,3.9833,1,0,0,1906,1526
can_tho,severe,Oracle,7,80.0,awd,0.02,2024,2160,720,0,82.8191,80.0,4,6,4,2,2,40.0,0,1839,0.6086,5,4,0,1903,1584
can_tho,severe,Oracle,11,80.0,awd,0.02,2024,2160,720,0,82.8163,80.0,4,11,4,7,1,20.0,0,1812,0.8606,5,4,0,1908,1584
can_tho,severe,TwinGate+T2+centre,7,80.0,awd,0.02,2024,2160,891,0,106.2957,80.0,6,21,4,15,1,20.0,84,1839,1.2171,2,1,0,1727,1396
can_tho,severe,TwinGate+T2+centre,11,80.0,awd,0.02,2024,2160,914,0,109.1047,80.0,4,12,4,8,2,40.0,86,1812,0.9622,3,0,2,1717,1401
can_tho,severe,TwinGate+T2,7,80.0,narrow,0.1,2024,2160,948,0,105.514,80.0,3,11,2,8,1,40.0,87,1839,1.1385,2,1,0,1821,1453
can_tho,severe,TwinGate+T2,11,80.0,narrow,0.1,2024,2160,871,0,104.1899,80.0,7,25,4,18,1,20.0,83,1812,1.054,5,0,4,1758,1503
can_tho,severe,TwinGate+blindARQ,7,80.0,narrow,0.1,2024,2160,915,0,109.2374,80.0,2,13,4,11,2,40.0,88,1839,1.1446,3,0,2,1720,1387
can_tho,severe,TwinGate+blindARQ,11,80.0,narrow,0.1,2024,2160,964,0,117.1416,80.0,2,13,4,11,2,40.0,88,1812,1.3607,3,0,2,1767,1423
can_tho,severe,Reactive+T2,7,80.0,narrow,0.1,2024,2160,1013,0,122.5056,80.0,3,9,2,6,0,0.0,0,1839,0.9351,2,0,1,1774,1419
can_tho,severe,Reactive+T2,11,80.0,narrow,0.1,2024,2160,1028,0,123.1371,80.0,2,4,2,2,1,20.0,0,1812,1.0297,1,0,0,1761,1395
can_tho,severe,Reactive+blindARQ,7,80.0,narrow,0.1,2024,2160,1025,0,123.0455,80.0,2,12,2,10,0,0.0,0,1839,1.7562,1,0,0,1761,1403
can_tho,severe,Reactive+blindARQ,11,80.0,narrow,0.1,2024,2160,1028,0,123.1371,80.0,2,4,2,2,1,20.0,0,1812,1.0297,1,0,0,1761,1395
can_tho,severe,FixedSchedule,7,80.0,narrow,0.1,2024,2160,1155,0,142.9003,80.0,2,18,2,16,0,0.0,0,1839,5.9176,2,0,1,1913,1546
can_tho,severe,FixedSchedule,11,80.0,narrow,0.1,2024,2160,1171,0,144.3276,80.0,2,5,2,3,0,0.0,0,1812,3.9833,1,0,0,1906,1526
can_tho,severe,Oracle,7,80.0,narrow,0.1,2024,2160,720,0,82.8191,80.0,4,6,4,2,2,40.0,0,1839,0.6086,5,4,0,1903,1584
can_tho,severe,Oracle,11,80.0,narrow,0.1,2024,2160,720,0,82.8163,80.0,4,11,4,7,1,20.0,0,1812,0.8606,5,4,0,1908,1584
can_tho,severe,TwinGate+T2+centre,7,80.0,narrow,0.1,2024,2160,948,0,105.514,80.0,3,11,2,8,1,40.0,87,1839,1.1385,2,1,0,1821,1453
can_tho,severe,TwinGate+T2+centre,11,80.0,narrow,0.1,2024,2160,871,0,104.1899,80.0,7,25,4,18,1,20.0,83,1812,1.054,5,0,4,1758,1503
can_tho,severe,TwinGate+T2,7,240.0,awd,0.02,2024,2160,27,0,0.2891,240.0,14,44,12,30,4,80.0,76,1839,1.61,9,9,0,928,1198
can_tho,severe,TwinGate+T2,11,240.0,awd,0.02,2024,2160,0,0,0.0,240.0,12,36,12,24,3,60.0,78,1812,1.4667,10,9,0,1560,1156
can_tho,severe,TwinGate+blindARQ,7,240.0,awd,0.02,2024,2160,0,0,0.0,240.0,8,71,12,63,4,80.0,82,1839,3.8509,9,8,0,1483,1209
can_tho,severe,TwinGate+blindARQ,11,240.0,awd,0.02,2024,2160,35,0,0.5783,240.0,7,35,12,28,5,100.0,83,1812,2.1995,8,7,0,1459,1163
can_tho,severe,Reactive+T2,7,240.0,awd,0.02,2024,2160,749,0,88.3251,240.0,4,13,4,9,1,60.0,0,1839,1.1906,2,0,1,1518,1191
can_tho,severe,Reactive+T2,11,240.0,awd,0.02,2024,2160,749,0,88.268,240.0,3,9,4,6,2,120.0,0,1812,0.8307,2,0,1,1517,1190
can_tho,severe,Reactive+blindARQ,7,240.0,awd,0.02,2024,2160,919,0,110.6565,240.0,2,18,4,16,2,120.0,0,1839,2.4126,1,0,0,1670,1312
can_tho,severe,Reactive+blindARQ,11,240.0,awd,0.02,2024,2160,939,0,112.8391,240.0,2,6,4,4,2,120.0,0,1812,1.4639,1,0,0,1690,1323
can_tho,severe,FixedSchedule,7,240.0,awd,0.02,2024,2160,1133,0,140.3169,240.0,2,18,4,16,2,120.0,0,1839,0.5381,1,0,0,1881,1487
can_tho,severe,FixedSchedule,11,240.0,awd,0.02,2024,2160,1133,0,140.3169,240.0,2,21,4,19,2,120.0,0,1812,0.5026,1,0,0,1881,1487
can_tho,severe,Oracle,7,240.0,awd,0.02,2024,2160,0,0,0.0,200.0,10,31,10,21,2,40.0,0,1839,1.8232,11,10,0,1824,1470
can_tho,severe,Oracle,11,240.0,awd,0.02,2024,2160,0,0,0.0,200.0,10,38,10,28,2,40.0,0,1812,1.7213,11,10,0,1831,1470
can_tho,severe,TwinGate+T2+centre,7,240.0,awd,0.02,2024,2160,245,0,18.4133,240.0,15,41,12,26,3,60.0,75,1839,1.4907,9,1,7,1167,1016
can_tho,severe,TwinGate+T2+centre,11,240.0,awd,0.02,2024,2160,245,0,18.5458,240.0,15,50,12,35,5,100.0,75,1812,1.6666,6,1,4,1145,999
can_tho,severe,TwinGate+T2,7,240.0,narrow,0.1,2024,2160,274,0,14.1154,240.0,12,36,10,24,2,60.0,78,1839,1.6666,9,1,7,1333,1139
can_tho,severe,TwinGate+T2,11,240.0,narrow,0.1,2024,2160,180,0,6.4929,240.0,17,57,11,40,3,60.0,73,1812,1.8257,10,1,8,1315,1118
can_tho,severe,TwinGate+blindARQ,7,240.0,narrow,0.1,2024,2160,270,0,21.9525,240.0,8,46,12,38,4,80.0,82,1839,2.1345,9,0,8,1161,998
can_tho,severe,TwinGate+blindARQ,11,240.0,narrow,0.1,2024,2160,335,0,29.2279,240.0,7,33,12,26,5,100.0,83,1812,1.8256,8,0,7,1195,1004
can_tho,severe,Reactive+T2,7,240.0,narrow,0.1,2024,2160,749,0,88.3251,240.0,4,13,4,9,1,60.0,0,1839,1.1906,2,0,1,1518,1191
can_tho,severe,Reactive+T2,11,240.0,narrow,0.1,2024,2160,749,0,88.268,240.0,3,9,4,6,2,120.0,0,1812,0.8307,2,0,1,1517,1190
can_tho,severe,Reactive+blindARQ,7,240.0,narrow,0.1,2024,2160,919,0,110.6565,240.0,2,18,4,16,2,120.0,0,1839,2.4126,1,0,0,1670,1312
can_tho,severe,Reactive+blindARQ,11,240.0,narrow,0.1,2024,2160,939,0,112.8391,240.0,2,6,4,4,2,120.0,0,1812,1.4639,1,0,0,1690,1323
can_tho,severe,FixedSchedule,7,240.0,narrow,0.1,2024,2160,1133,0,140.3169,240.0,2,18,4,16,2,120.0,0,1839,0.5381,1,0,0,1881,1487
can_tho,severe,FixedSchedule,11,240.0,narrow,0.1,2024,2160,1133,0,140.3169,240.0,2,21,4,19,2,120.0,0,1812,0.5026,1,0,0,1881,1487
can_tho,severe,Oracle,7,240.0,narrow,0.1,2024,2160,0,0,0.0,200.0,10,31,10,21,2,40.0,0,1839,1.8232,11,10,0,1824,1470
can_tho,severe,Oracle,11,240.0,narrow,0.1,2024,2160,0,0,0.0,200.0,10,38,10,28,2,40.0,0,1812,1.7213,11,10,0,1831,1470
can_tho,severe,TwinGate+T2+centre,7,240.0,narrow,0.1,2024,2160,274,0,14.1154,240.0,12,36,10,24,2,60.0,78,1839,1.6666,9,1,7,1333,1139
can_tho,severe,TwinGate+T2+centre,11,240.0,narrow,0.1,2024,2160,180,0,6.4929,240.0,17,57,11,40,3,60.0,73,1812,1.8257,10,1,8,1315,1118
can_tho,severe,TwinGate+T2,7,400.0,awd,0.02,2024,2160,0,0,0.0,300.0,20,65,15,45,4,80.0,70,1839,1.8256,10,3,7,519,874
can_tho,severe,TwinGate+T2,11,400.0,awd,0.02,2024,2160,0,0,0.0,320.0,17,55,16,38,5,100.0,73,1812,1.8567,9,3,6,430,733
can_tho,severe,TwinGate+blindARQ,7,400.0,awd,0.02,2024,2160,0,0,0.0,360.0,10,56,18,46,8,160.0,80,1839,3.0314,9,3,6,387,692
can_tho,severe,TwinGate+blindARQ,11,400.0,awd,0.02,2024,2160,0,0,0.0,320.0,9,46,16,37,7,140.0,81,1812,2.2822,9,3,6,452,701
can_tho,severe,Reactive+T2,7,400.0,awd,0.02,2024,2160,272,0,22.4059,400.0,9,26,7,17,1,60.0,0,1839,1.9185,4,0,3,1061,787
can_tho,severe,Reactive+T2,11,400.0,awd,0.02,2024,2160,289,0,23.3833,400.0,7,19,7,12,2,120.0,0,1812,1.7421,3,0,2,1049,766
can_tho,severe,Reactive+blindARQ,7,400.0,awd,0.02,2024,2160,458,0,45.5849,400.0,5,27,7,22,3,160.0,0,1839,2.7264,1,0,0,1186,892
can_tho,severe,Reactive+blindARQ,11,400.0,awd,0.02,2024,2160,602,0,67.3422,400.0,4,24,7,20,3,180.0,0,1812,1.6986,2,0,1,1348,1056
can_tho,severe,FixedSchedule,7,400.0,awd,0.02,2024,2160,843,0,99.5137,400.0,5,30,7,25,3,160.0,0,1839,5.0068,1,0,0,1593,1201
can_tho,severe,FixedSchedule,11,400.0,awd,0.02,2024,2160,961,0,115.8657,400.0,4,30,7,26,3,180.0,0,1812,4.72,1,0,0,1713,1318
can_tho,severe,Oracle,7,400.0,awd,0.02,2024,2160,0,0,0.0,320.0,12,43,12,31,2,40.0,0,1839,3.8061,8,3,5,419,673
can_tho,severe,Oracle,11,400.0,awd,0.02,2024,2160,0,0,0.0,320.0,12,30,12,18,3,100.0,0,1812,1.5602,8,3,5,408,695
can_tho,severe,TwinGate+T2+centre,7,400.0,awd,0.02,2024,2160,0,0,0.0,360.0,18,51,18,33,7,140.0,72,1839,1.7212,10,1,9,216,551
can_tho,severe,TwinGate+T2+centre,11,400.0,awd,0.02,2024,2160,0,0,0.0,340.0,20,62,17,42,6,120.0,70,1812,1.7742,7,1,6,196,581
can_tho,severe,TwinGate+T2,7,400.0,narrow,0.1,2024,2160,81,0,2.6423,320.0,15,45,14,30,3,80.0,75,1839,1.8257,11,1,10,494,805
can_tho,severe,TwinGate+T2,11,400.0,narrow,0.1,2024,2160,103,0,4.3673,320.0,19,64,15,45,5,100.0,71,1812,2.1516,11,1,10,538,849
can_tho,severe,TwinGate+blindARQ,7,400.0,narrow,0.1,2024,2160,0,0,0.0,360.0,10,63,18,53,8,160.0,80,1839,2.4226,10,0,10,199,498
can_tho,severe,TwinGate+blindARQ,11,400.0,narrow,0.1,2024,2160,0,0,0.0,360.0,11,42,18,31,7,140.0,79,1812,1.8756,11,0,11,227,537
can_tho,severe,Reactive+T2,7,400.0,narrow,0.1,2024,2160,272,0,22.4059,400.0,9,26,7,17,1,60.0,0,1839,1.9185,4,0,3,1061,787
can_tho,severe,Reactive+T2,11,400.0,narrow,0.1,2024,2160,289,0,23.3833,400.0,7,19,7,12,2,120.0,0,1812,1.7421,3,0,2,1049,766
can_tho,severe,Reactive+blindARQ,7,400.0,narrow,0.1,2024,2160,458,0,45.5849,400.0,5,27,7,22,3,160.0,0,1839,2.7264,1,0,0,1186,892
can_tho,severe,Reactive+blindARQ,11,400.0,narrow,0.1,2024,2160,602,0,67.3422,400.0,4,24,7,20,3,180.0,0,1812,1.6986,2,0,1,1348,1056
can_tho,severe,FixedSchedule,7,400.0,narrow,0.1,2024,2160,843,0,99.5137,400.0,5,30,7,25,3,160.0,0,1839,5.0068,1,0,0,1593,1201
can_tho,severe,FixedSchedule,11,400.0,narrow,0.1,2024,2160,961,0,115.8657,400.0,4,30,7,26,3,180.0,0,1812,4.72,1,0,0,1713,1318
can_tho,severe,Oracle,7,400.0,narrow,0.1,2024,2160,0,0,0.0,320.0,12,43,12,31,2,40.0,0,1839,3.8061,8,3,5,419,673
can_tho,severe,Oracle,11,400.0,narrow,0.1,2024,2160,0,0,0.0,320.0,12,30,12,18,3,100.0,0,1812,1.5602,8,3,5,408,695
can_tho,severe,TwinGate+T2+centre,7,400.0,narrow,0.1,2024,2160,81,0,2.6423,320.0,15,45,14,30,3,80.0,75,1839,1.8257,11,1,10,494,805
can_tho,severe,TwinGate+T2+centre,11,400.0,narrow,0.1,2024,2160,103,0,4.3673,320.0,19,64,15,45,5,100.0,71,1812,2.1516,11,1,10,538,849
can_tho,severe,TwinGate+T2,7,inf,awd,0.02,2024,2160,0,0,0.0,360.0,18,51,18,33,7,140.0,72,1839,1.7212,10,1,9,216,551
can_tho,severe,TwinGate+T2,11,inf,awd,0.02,2024,2160,0,0,0.0,340.0,20,62,17,42,6,120.0,70,1812,1.7742,7,1,6,196,581
can_tho,severe,TwinGate+blindARQ,7,inf,awd,0.02,2024,2160,0,0,0.0,380.0,11,71,19,60,8,160.0,79,1839,3.4299,9,0,9,132,402
can_tho,severe,TwinGate+blindARQ,11,inf,awd,0.02,2024,2160,0,0,0.0,360.0,11,65,18,54,7,140.0,79,1812,2.581,9,0,8,742,452
can_tho,severe,Reactive+T2,7,inf,awd,0.02,2024,2160,0,0,0.0,660.0,13,37,11,24,2,120.0,0,1839,2.3062,5,0,5,69,264
can_tho,severe,Reactive+T2,11,inf,awd,0.02,2024,2160,0,0,0.0,660.0,11,35,11,24,3,180.0,0,1812,2.1245,4,0,4,56,244
can_tho,severe,Reactive+blindARQ,7,inf,awd,0.02,2024,2160,0,0,0.0,900.0,9,67,15,58,6,360.0,0,1839,4.6307,2,0,2,36,244
can_tho,severe,Reactive+blindARQ,11,inf,awd,0.02,2024,2160,0,0,0.0,960.0,9,46,16,37,7,420.0,0,1812,2.4683,4,0,4,49,243
can_tho,severe,FixedSchedule,7,inf,awd,0.02,2024,2160,0,0,0.0,1560.0,18,96,26,78,8,480.0,0,1839,3.2389,0,0,0,0,0
can_tho,severe,FixedSchedule,11,inf,awd,0.02,2024,2160,0,0,0.0,1500.0,18,76,25,58,7,420.0,0,1812,2.1046,0,0,0,0,3
can_tho,severe,Oracle,7,inf,awd,0.02,2024,2160,0,0,0.0,380.0,19,57,19,38,2,40.0,0,1839,1.8025,0,0,0,0,0
can_tho,severe,Oracle,11,inf,awd,0.02,2024,2160,0,0,0.0,380.0,19,71,19,52,2,40.0,0,1812,2.2281,0,0,0,0,0
can_tho,severe,TwinGate+T2+centre,7,inf,awd,0.02,2024,2160,0,0,0.0,360.0,18,51,18,33,7,140.0,72,1839,1.7212,10,1,9,216,551
can_tho,severe,TwinGate+T2+centre,11,inf,awd,0.02,2024,2160,0,0,0.0,340.0,20,62,17,42,6,120.0,70,1812,1.7742,7,1,6,196,581
can_tho,severe,TwinGate+T2,7,inf,narrow,0.1,2024,2160,81,0,2.6423,320.0,15,45,14,30,3,80.0,75,1839,1.8257,11,1,10,494,805
can_tho,severe,TwinGate+T2,11,inf,narrow,0.1,2024,2160,103,0,4.3673,320.0,19,64,15,45,5,100.0,71,1812,2.1516,11,1,10,538,849
can_tho,severe,TwinGate+blindARQ,7,inf,narrow,0.1,2024,2160,0,0,0.0,360.0,10,63,18,53,8,160.0,80,1839,2.4226,10,0,10,199,498
can_tho,severe,TwinGate+blindARQ,11,inf,narrow,0.1,2024,2160,0,0,0.0,360.0,11,42,18,31,7,140.0,79,1812,1.8756,11,0,11,227,537
can_tho,severe,Reactive+T2,7,inf,narrow,0.1,2024,2160,0,0,0.0,660.0,13,37,11,24,2,120.0,0,1839,2.3062,5,0,5,69,264
can_tho,severe,Reactive+T2,11,inf,narrow,0.1,2024,2160,0,0,0.0,660.0,11,35,11,24,3,180.0,0,1812,2.1245,4,0,4,56,244
can_tho,severe,Reactive+blindARQ,7,inf,narrow,0.1,2024,2160,0,0,0.0,900.0,9,67,15,58,6,360.0,0,1839,4.6307,2,0,2,36,244
can_tho,severe,Reactive+blindARQ,11,inf,narrow,0.1,2024,2160,0,0,0.0,960.0,9,46,16,37,7,420.0,0,1812,2.4683,4,0,4,49,243
can_tho,severe,FixedSchedule,7,inf,narrow,0.1,2024,2160,0,0,0.0,1560.0,18,96,26,78,8,480.0,0,1839,3.2389,0,0,0,0,0
can_tho,severe,FixedSchedule,11,inf,narrow,0.1,2024,2160,0,0,0.0,1500.0,18,76,25,58,7,420.0,0,1812,2.1046,0,0,0,0,3
can_tho,severe,Oracle,7,inf,narrow,0.1,2024,2160,0,0,0.0,380.0,19,57,19,38,2,40.0,0,1839,1.8025,0,0,0,0,0
can_tho,severe,Oracle,11,inf,narrow,0.1,2024,2160,0,0,0.0,380.0,19,71,19,52,2,40.0,0,1812,2.2281,0,0,0,0,0
can_tho,severe,TwinGate+T2+centre,7,inf,narrow,0.1,2024,2160,81,0,2.6423,320.0,15,45,14,30,3,80.0,75,1839,1.8257,11,1,10,494,805
can_tho,severe,TwinGate+T2+centre,11,inf,narrow,0.1,2024,2160,103,0,4.3673,320.0,19,64,15,45,5,100.0,71,1812,2.1516,11,1,10,538,849
