station,year,seed,variant,soil,eta,thresh,testable,n_claims,total_mm,truth_total_mm,F1,F2,F4,flagged,gap_mm,max_depl,n_dry
can_tho,2024,0,honest_paper,sandy_loam,0.609,0.767,1,7,220.0,155.0,0,0,0,0,0.0,0.771,8
can_tho,2024,0,honest_field,sandy_loam,0.609,0.767,1,4,160.0,155.0,0,0,0,0,0.0,0.957,4
can_tho,2024,0,fraud_added_events,sandy_loam,0.609,0.767,1,12,560.0,155.0,6,0,8,1,0.0,0.957,4
can_tho,2024,0,fraud_infeasible_depth,sandy_loam,0.609,0.767,1,4,275.0,155.0,0,0,1,1,0.0,0.957,4
can_tho,2024,0,fraud_omission,sandy_loam,0.609,0.767,1,3,120.0,155.0,0,0,0,0,40.0,0.968,3
can_tho,2024,0,fraud_adaptive,sandy_loam,0.609,0.767,1,29,576.4,155.0,3,0,4,1,0.0,0.202,0
can_tho,2024,0,adaptive_inflation,sandy_loam,0.609,0.767,1,30,582.0,160.0,3,0,4,1,422.0,0.0,0
can_tho,2024,1,honest_paper,silt_loam,0.76,0.624,1,6,200.0,190.0,0,0,0,0,0.0,0.88,6
can_tho,2024,1,honest_field,silt_loam,0.76,0.624,1,6,190.0,190.0,0,0,0,0,0.0,0.923,6
can_tho,2024,1,fraud_added_events,silt_loam,0.76,0.624,1,14,470.0,190.0,7,0,8,1,0.0,0.923,6
can_tho,2024,1,fraud_infeasible_depth,silt_loam,0.76,0.624,1,6,435.0,190.0,0,0,2,1,0.0,0.881,6
can_tho,2024,1,fraud_omission,silt_loam,0.76,0.624,1,6,190.0,190.0,0,0,0,0,0.0,0.923,6
can_tho,2024,1,fraud_adaptive,silt_loam,0.76,0.624,1,30,582.1,190.0,3,0,6,1,0.0,0.201,0
can_tho,2024,1,adaptive_inflation,silt_loam,0.76,0.624,1,31,591.3,190.0,3,0,6,1,401.3,0.0,0
can_tho,2024,2,honest_paper,sandy_loam,0.74,0.795,1,8,220.0,95.0,0,0,0,0,0.0,0.769,8
can_tho,2024,2,honest_field,sandy_loam,0.74,0.795,1,3,95.0,95.0,0,0,0,0,0.0,0.984,3
can_tho,2024,2,fraud_added_events,sandy_loam,0.74,0.795,1,11,435.0,95.0,7,0,8,1,0.0,0.984,3
can_tho,2024,2,fraud_infeasible_depth,sandy_loam,0.74,0.795,1,3,225.0,95.0,0,0,1,1,0.0,0.984,3
can_tho,2024,2,fraud_omission,sandy_loam,0.74,0.795,1,3,95.0,95.0,0,0,0,0,0.0,0.984,3
can_tho,2024,2,fraud_adaptive,sandy_loam,0.74,0.795,1,29,509.2,95.0,2,0,3,1,0.0,0.198,0
can_tho,2024,2,adaptive_inflation,sandy_loam,0.74,0.795,1,29,518.5,95.0,2,0,3,1,423.5,0.0,0
can_tho,2024,3,honest_paper,silt_loam,0.703,0.556,1,7,180.0,215.0,0,0,0,0,0.0,0.88,7
can_tho,2024,3,honest_field,silt_loam,0.703,0.556,1,5,170.0,215.0,0,0,0,0,0.0,0.941,5
can_tho,2024,3,fraud_added_events,silt_loam,0.703,0.556,1,13,430.0,215.0,5,0,7,1,0.0,0.941,5
can_tho,2024,3,fraud_infeasible_depth,silt_loam,0.703,0.556,1,5,285.0,215.0,0,0,1,1,0.0,0.933,5
can_tho,2024,3,fraud_omission,silt_loam,0.703,0.556,1,4,150.0,215.0,0,0,0,0,20.0,0.943,4
can_tho,2024,3,fraud_adaptive,silt_loam,0.703,0.556,1,29,567.2,215.0,1,0,5,1,0.0,0.203,0
can_tho,2024,3,adaptive_inflation,silt_loam,0.703,0.556,1,29,566.4,170.0,0,0,5,1,396.4,0.0,0
can_tho,2024,4,honest_paper,silt_loam,0.664,0.661,1,5,180.0,170.0,0,0,0,0,0.0,0.88,6
can_tho,2024,4,honest_field,silt_loam,0.664,0.661,1,5,150.0,170.0,0,0,0,0,0.0,0.934,6
can_tho,2024,4,fraud_added_events,silt_loam,0.664,0.661,1,13,470.0,170.0,6,0,8,1,0.0,0.934,6
can_tho,2024,4,fraud_infeasible_depth,silt_loam,0.664,0.661,1,5,290.0,170.0,0,0,1,1,0.0,0.934,5
can_tho,2024,4,fraud_omission,silt_loam,0.664,0.661,1,5,150.0,170.0,0,0,0,0,0.0,0.934,6
can_tho,2024,4,fraud_adaptive,silt_loam,0.664,0.661,1,28,529.3,170.0,0,0,5,1,0.0,0.203,0
can_tho,2024,4,adaptive_inflation,silt_loam,0.664,0.661,1,31,564.5,150.0,3,0,5,1,414.5,0.0,0
can_tho,2024,5,honest_paper,silty_clay_loam,0.776,0.641,1,6,200.0,170.0,0,0,0,0,0.0,0.804,7
can_tho,2024,5,honest_field,silty_clay_loam,0.776,0.641,1,6,170.0,170.0,0,0,0,0,0.0,0.877,6
can_tho,2024,5,fraud_added_events,silty_clay_loam,0.776,0.641,1,14,530.0,170.0,6,0,8,1,0.0,0.877,6
can_tho,2024,5,fraud_infeasible_depth,silty_clay_loam,0.776,0.641,1,6,425.0,170.0,0,0,3,1,0.0,0.877,5
can_tho,2024,5,fraud_omission,silty_clay_loam,0.776,0.641,1,6,170.0,170.0,0,0,0,0,0.0,0.877,6
can_tho,2024,5,fraud_adaptive,silty_clay_loam,0.776,0.641,1,30,570.1,170.0,3,0,6,1,0.0,0.197,0
can_tho,2024,5,adaptive_inflation,silty_clay_loam,0.776,0.641,1,30,584.3,170.0,3,0,6,1,414.3,0.0,0
can_tho,2024,6,honest_paper,clay,0.737,0.628,1,6,220.0,165.0,0,0,0,0,0.0,0.845,6
can_tho,2024,6,honest_field,clay,0.737,0.628,1,5,165.0,165.0,0,0,0,0,0.0,0.92,6
can_tho,2024,6,fraud_added_events,clay,0.737,0.628,1,13,485.0,165.0,6,0,7,1,0.0,0.92,6
can_tho,2024,6,fraud_infeasible_depth,clay,0.737,0.628,1,5,295.0,165.0,0,0,1,1,0.0,0.92,4
can_tho,2024,6,fraud_omission,clay,0.737,0.628,1,5,165.0,165.0,0,0,0,0,0.0,0.92,6
can_tho,2024,6,fraud_adaptive,clay,0.737,0.628,1,30,571.4,165.0,2,0,5,1,0.0,0.207,0
can_tho,2024,6,adaptive_inflation,clay,0.737,0.628,1,29,581.2,165.0,2,0,5,1,416.2,0.0,0
can_tho,2024,7,honest_paper,silt_loam,0.809,0.621,1,6,180.0,180.0,0,0,0,0,0.0,0.88,7
can_tho,2024,7,honest_field,silt_loam,0.809,0.621,1,6,180.0,180.0,0,0,0,0,0.0,0.888,6
can_tho,2024,7,fraud_added_events,silt_loam,0.809,0.621,1,14,440.0,180.0,5,0,8,1,0.0,0.888,6
can_tho,2024,7,fraud_infeasible_depth,silt_loam,0.809,0.621,1,6,425.0,180.0,0,0,2,1,0.0,0.888,6
can_tho,2024,7,fraud_omission,silt_loam,0.809,0.621,1,6,180.0,180.0,0,0,0,0,0.0,0.888,6
can_tho,2024,7,fraud_adaptive,silt_loam,0.809,0.621,1,30,578.5,180.0,3,0,6,1,0.0,0.207,0
can_tho,2024,7,adaptive_inflation,silt_loam,0.809,0.621,1,30,589.6,180.0,3,0,6,1,409.6,0.0,0
can_tho,2024,8,honest_paper,silt_loam,0.792,0.625,1,5,180.0,155.0,0,0,0,0,0.0,0.88,6
can_tho,2024,8,honest_field,silt_loam,0.792,0.625,1,5,135.0,155.0,0,0,0,0,0.0,0.935,5
can_tho,2024,8,fraud_added_events,silt_loam,0.792,0.625,1,13,515.0,155.0,5,0,7,1,0.0,0.935,5
can_tho,2024,8,fraud_infeasible_depth,silt_loam,0.792,0.625,1,5,275.0,155.0,0,0,1,1,0.0,0.935,5
can_tho,2024,8,fraud_omission,silt_loam,0.792,0.625,1,5,135.0,155.0,0,0,0,0,0.0,0.935,5
can_tho,2024,8,fraud_adaptive,silt_loam,0.792,0.625,1,29,542.0,155.0,2,0,5,1,0.0,0.197,0
can_tho,2024,8,adaptive_inflation,silt_loam,0.792,0.625,1,29,534.7,135.0,3,0,5,1,399.7,0.0,0
can_tho,2024,9,honest_paper,loam,0.697,0.665,1,6,200.0,170.0,0,0,0,0,0.0,0.827,7
can_tho,2024,9,honest_field,loam,0.697,0.665,1,5,175.0,170.0,0,0,0,0,0.0,0.957,5
can_tho,2024,9,fraud_added_events,loam,0.697,0.665,1,13,415.0,170.0,5,0,8,1,0.0,0.957,5
can_tho,2024,9,fraud_infeasible_depth,loam,0.697,0.665,1,5,290.0,170.0,0,0,1,1,0.0,0.957,5
can_tho,2024,9,fraud_omission,loam,0.697,0.665,1,4,125.0,170.0,0,0,0,0,50.0,0.992,4
can_tho,2024,9,fraud_adaptive,loam,0.697,0.665,1,31,603.3,170.0,4,0,5,1,0.0,0.213,0
can_tho,2024,9,adaptive_inflation,loam,0.697,0.665,1,29,586.8,175.0,2,0,5,1,411.8,0.0,0
can_tho,2025,0,honest_paper,loam,0.724,0.71,0,2,80.0,0,0,0,0,0,0.0,0.827,2
can_tho,2025,0,honest_field,loam,0.724,0.71,0,0,0,0,0,0,0,0,0.0,0.897,1
can_tho,2025,0,adaptive_inflation,loam,0.724,0.71,0,15,245.2,0,0,0,0,0,245.2,0.0,0
can_tho,2025,1,honest_paper,clay,0.738,0.781,0,3,80.0,0,0,0,0,0,0.0,0.849,3
can_tho,2025,1,honest_field,clay,0.738,0.781,0,0,0,0,0,0,0,0,0.0,0.897,1
can_tho,2025,1,adaptive_inflation,clay,0.738,0.781,0,16,255.7,0,0,0,0,0,255.7,0.0,0
can_tho,2025,2,honest_paper,silt_loam,0.687,0.558,0,2,60.0,45.0,0,0,0,0,0.0,0.858,3
can_tho,2025,2,honest_field,silt_loam,0.687,0.558,0,1,45.0,45.0,0,0,0,0,0.0,0.887,3
can_tho,2025,2,adaptive_inflation,silt_loam,0.687,0.558,0,18,313.2,45.0,0,0,1,1,268.2,0.0,0
can_tho,2025,3,honest_paper,loam,0.751,0.585,0,3,60.0,50.0,0,0,0,0,0.0,0.827,6
can_tho,2025,3,honest_field,loam,0.751,0.585,0,2,50.0,50.0,0,0,0,0,0.0,0.858,3
can_tho,2025,3,adaptive_inflation,loam,0.751,0.585,0,17,293.4,50.0,1,0,2,1,243.4,0.0,0
can_tho,2025,4,honest_paper,silty_clay_loam,0.608,0.724,0,2,60.0,0,0,0,0,0,0.0,0.801,4
can_tho,2025,4,honest_field,silty_clay_loam,0.608,0.724,0,0,0,0,0,0,0,0,0.0,0.897,1
can_tho,2025,4,adaptive_inflation,silty_clay_loam,0.608,0.724,0,17,271.9,0,0,0,0,0,271.9,0.0,0
can_tho,2025,5,honest_paper,loam,0.616,0.571,0,2,60.0,45.0,0,0,0,0,0.0,0.827,4
can_tho,2025,5,honest_field,loam,0.616,0.571,0,1,45.0,45.0,0,0,0,0,0.0,0.866,3
can_tho,2025,5,adaptive_inflation,loam,0.616,0.571,0,18,314.8,45.0,1,0,1,1,269.8,0.0,0
can_tho,2025,6,honest_paper,silt_loam,0.688,0.553,0,2,40.0,40.0,0,0,0,0,0.0,0.858,5
can_tho,2025,6,honest_field,silt_loam,0.688,0.553,0,2,40.0,40.0,0,0,0,0,0.0,0.896,4
can_tho,2025,6,adaptive_inflation,silt_loam,0.688,0.553,0,17,276.4,40.0,1,0,2,1,236.4,0.0,0
can_tho,2025,7,honest_paper,clay,0.792,0.811,0,3,60.0,0,0,0,0,0,0.0,0.849,5
can_tho,2025,7,honest_field,clay,0.792,0.811,0,0,0,0,0,0,0,0,0.0,0.897,1
can_tho,2025,7,adaptive_inflation,clay,0.792,0.811,0,17,268.4,0,0,0,0,0,268.4,0.0,0
can_tho,2025,8,honest_paper,silt_loam,0.653,0.65,0,2,60.0,0,0,0,0,0,0.0,0.858,3
can_tho,2025,8,honest_field,silt_loam,0.653,0.65,0,0,0,0,0,0,0,0,0.0,0.897,1
can_tho,2025,8,adaptive_inflation,silt_loam,0.653,0.65,0,16,258.1,0,0,0,0,0,258.1,0.0,0
can_tho,2025,9,honest_paper,clay,0.72,0.614,0,2,60.0,50.0,0,0,0,0,0.0,0.849,5
can_tho,2025,9,honest_field,clay,0.72,0.614,0,2,50.0,50.0,0,0,0,0,0.0,0.845,4
can_tho,2025,9,adaptive_inflation,clay,0.72,0.614,0,16,276.1,50.0,0,0,2,1,226.1,0.0,0
soc_trang,2024,0,honest_paper,clay,0.736,0.757,0,6,200.0,65.0,0,0,0,0,0.0,0.843,6
soc_trang,2024,0,honest_field,clay,0.736,0.757,0,2,65.0,65.0,0,0,0,0,0.0,0.981,3
soc_trang,2024,0,adaptive_inflation,clay,0.736,0.757,0,28,489.5,65.0,0,0,2,1,424.5,0.0,0
soc_trang,2024,1,honest_paper,loam,0.674,0.638,1,6,220.0,205.0,0,0,0,0,0.0,0.825,6
soc_trang,2024,1,honest_field,loam,0.674,0.638,1,6,205.0,205.0,0,0,0,0,0.0,0.889,5
soc_trang,2024,1,fraud_added_events,loam,0.674,0.638,1,14,545.0,205.0,5,0,8,1,0.0,0.889,5
soc_trang,2024,1,fraud_infeasible_depth,loam,0.674,0.638,1,6,450.0,205.0,0,0,3,1,0.0,0.889,3
soc_trang,2024,1,fraud_omission,loam,0.674,0.638,1,6,205.0,205.0,0,0,0,0,0.0,0.889,5
soc_trang,2024,1,fraud_adaptive,loam,0.674,0.638,1,32,620.2,205.0,4,0,6,1,0.0,0.199,0
soc_trang,2024,1,adaptive_inflation,loam,0.674,0.638,1,32,629.1,205.0,4,0,6,1,424.1,0.0,0
soc_trang,2024,2,honest_paper,sandy_loam,0.627,0.554,1,8,240.0,245.0,0,0,0,0,0.0,0.77,8
soc_trang,2024,2,honest_field,sandy_loam,0.627,0.554,1,9,250.0,245.0,0,0,0,0,0.0,0.781,3
soc_trang,2024,2,fraud_added_events,sandy_loam,0.627,0.554,1,17,610.0,245.0,6,0,8,1,0.0,0.781,3
soc_trang,2024,2,fraud_infeasible_depth,sandy_loam,0.627,0.554,1,9,625.0,245.0,0,0,3,1,0.0,0.719,3
soc_trang,2024,2,fraud_omission,sandy_loam,0.627,0.554,1,9,250.0,245.0,0,0,0,0,0.0,0.781,3
soc_trang,2024,2,fraud_adaptive,sandy_loam,0.627,0.554,1,33,642.3,245.0,6,0,9,1,0.0,0.192,0
soc_trang,2024,2,adaptive_inflation,sandy_loam,0.627,0.554,1,33,652.1,250.0,4,0,9,1,402.1,0.0,0
soc_trang,2024,3,honest_paper,silt_loam,0.605,0.715,0,5,160.0,120.0,0,0,0,0,0.0,0.877,6
soc_trang,2024,3,honest_field,silt_loam,0.605,0.715,0,1,45.0,120.0,0,0,0,0,0.0,0.992,2
soc_trang,2024,3,adaptive_inflation,silt_loam,0.605,0.715,0,28,483.9,45.0,0,0,1,1,438.9,0.0,0
soc_trang,2024,4,honest_paper,clay,0.671,0.649,1,6,180.0,215.0,0,0,0,0,0.0,0.843,7
soc_trang,2024,4,honest_field,clay,0.671,0.649,1,6,215.0,215.0,0,0,1,1,0.0,0.896,6
soc_trang,2024,4,fraud_added_events,clay,0.671,0.649,1,14,395.0,215.0,5,0,8,1,0.0,0.896,6
soc_trang,2024,4,fraud_infeasible_depth,clay,0.671,0.649,1,6,485.0,215.0,0,0,3,1,0.0,0.85,4
soc_trang,2024,4,fraud_omission,clay,0.671,0.649,1,5,170.0,215.0,0,0,1,1,45.0,0.96,5
soc_trang,2024,4,fraud_adaptive,clay,0.671,0.649,1,30,618.6,215.0,1,0,6,1,0.0,0.203,0
soc_trang,2024,4,adaptive_inflation,clay,0.671,0.649,1,32,632.5,215.0,2,0,6,1,417.5,0.0,0
soc_trang,2024,5,honest_paper,sandy_loam,0.735,0.805,0,8,200.0,0,0,0,0,0,0.0,0.77,9
soc_trang,2024,5,honest_field,sandy_loam,0.735,0.805,0,0,0,0,0,0,0,0,0.0,0.997,1
soc_trang,2024,5,adaptive_inflation,sandy_loam,0.735,0.805,0,28,451.2,0,0,0,0,0,451.2,0.0,0
soc_trang,2024,6,honest_paper,sandy_loam,0.711,0.808,0,6,220.0,65.0,0,0,0,0,0.0,0.769,7
soc_trang,2024,6,honest_field,sandy_loam,0.711,0.808,0,2,65.0,65.0,0,0,0,0,0.0,0.991,2
soc_trang,2024,6,adaptive_inflation,sandy_loam,0.711,0.808,0,30,517.4,65.0,2,0,2,1,452.4,0.0,0
soc_trang,2024,7,honest_paper,loam,0.727,0.662,1,6,180.0,155.0,0,0,0,0,0.0,0.825,7
soc_trang,2024,7,honest_field,loam,0.727,0.662,1,5,155.0,155.0,0,0,0,0,0.0,0.891,6
soc_trang,2024,7,fraud_added_events,loam,0.727,0.662,1,13,435.0,155.0,5,0,7,1,0.0,0.891,6
soc_trang,2024,7,fraud_infeasible_depth,loam,0.727,0.662,1,5,285.0,155.0,0,0,1,1,0.0,0.891,5
soc_trang,2024,7,fraud_omission,loam,0.727,0.662,1,4,135.0,155.0,0,0,0,0,20.0,0.962,5
soc_trang,2024,7,fraud_adaptive,loam,0.727,0.662,1,31,582.4,155.0,3,0,5,1,0.0,0.217,0
soc_trang,2024,7,adaptive_inflation,loam,0.727,0.662,1,32,596.3,155.0,5,0,5,1,441.3,0.0,0
soc_trang,2024,8,honest_paper,clay,0.822,0.763,1,6,180.0,60.0,0,0,0,0,0.0,0.843,7
soc_trang,2024,8,honest_field,clay,0.822,0.763,1,3,60.0,60.0,0,0,0,0,0.0,0.976,4
soc_trang,2024,8,fraud_added_events,clay,0.822,0.763,1,11,460.0,60.0,5,0,7,1,0.0,0.976,4
soc_trang,2024,8,fraud_infeasible_depth,clay,0.822,0.763,1,3,200.0,60.0,0,0,1,1,0.0,0.976,4
soc_trang,2024,8,fraud_omission,clay,0.822,0.763,1,3,60.0,60.0,0,0,0,0,0.0,0.976,4
soc_trang,2024,8,fraud_adaptive,clay,0.822,0.763,1,31,507.8,60.0,2,0,3,1,0.0,0.186,0
soc_trang,2024,8,adaptive_inflation,clay,0.822,0.763,1,30,497.8,60.0,1,0,3,1,437.8,0.0,0
soc_trang,2024,9,honest_paper,loam,0.779,0.749,1,7,200.0,110.0,0,0,0,0,0.0,0.825,7
soc_trang,2024,9,honest_field,loam,0.779,0.749,1,3,110.0,110.0,0,0,0,0,0.0,0.937,4
soc_trang,2024,9,fraud_added_events,loam,0.779,0.749,1,11,390.0,110.0,6,0,7,1,0.0,0.937,4
soc_trang,2024,9,fraud_infeasible_depth,loam,0.779,0.749,1,3,225.0,110.0,0,0,1,1,0.0,0.937,4
soc_trang,2024,9,fraud_omission,loam,0.779,0.749,1,3,110.0,110.0,0,0,0,0,0.0,0.937,4
soc_trang,2024,9,fraud_adaptive,loam,0.779,0.749,1,28,549.4,110.0,1,0,3,1,0.0,0.192,0
soc_trang,2024,9,adaptive_inflation,loam,0.779,0.749,1,30,545.1,110.0,2,0,3,1,435.1,0.0,0
soc_trang,2025,0,honest_paper,sandy_loam,0.662,0.658,1,5,160.0,155.0,0,0,0,0,0.0,0.769,5
soc_trang,2025,0,honest_field,sandy_loam,0.662,0.658,1,5,155.0,155.0,0,0,1,1,0.0,0.805,3
soc_trang,2025,0,fraud_added_events,sandy_loam,0.662,0.658,1,13,515.0,155.0,7,0,9,1,0.0,0.766,2
soc_trang,2025,0,fraud_infeasible_depth,sandy_loam,0.662,0.658,1,5,295.0,155.0,0,0,2,1,0.0,0.785,2
soc_trang,2025,0,fraud_omission,sandy_loam,0.662,0.658,1,4,120.0,155.0,0,0,0,0,35.0,0.833,4
soc_trang,2025,0,fraud_adaptive,sandy_loam,0.662,0.658,1,22,423.9,155.0,1,0,5,1,0.0,0.199,0
soc_trang,2025,0,adaptive_inflation,sandy_loam,0.662,0.658,1,24,473.3,155.0,3,0,5,1,318.3,0.0,0
soc_trang,2025,1,honest_paper,sandy_loam,0.606,0.613,1,5,160.0,85.0,0,0,0,0,0.0,0.752,5
soc_trang,2025,1,honest_field,sandy_loam,0.606,0.613,1,3,85.0,85.0,0,0,1,1,0.0,0.843,3
soc_trang,2025,1,fraud_added_events,sandy_loam,0.606,0.613,1,11,405.0,85.0,7,0,8,1,0.0,0.843,3
soc_trang,2025,1,fraud_infeasible_depth,sandy_loam,0.606,0.613,1,3,200.0,85.0,0,0,1,1,0.0,0.843,3
soc_trang,2025,1,fraud_omission,sandy_loam,0.606,0.613,1,3,85.0,85.0,0,0,1,1,0.0,0.843,3
soc_trang,2025,1,fraud_adaptive,sandy_loam,0.606,0.613,1,21,377.8,85.0,2,0,3,1,0.0,0.204,0
soc_trang,2025,1,adaptive_inflation,sandy_loam,0.606,0.613,1,21,381.7,85.0,2,0,3,1,296.7,0.0,0
soc_trang,2025,2,honest_paper,silty_clay_loam,0.848,0.786,0,4,80.0,0,0,0,0,0,0.0,0.802,5
soc_trang,2025,2,honest_field,silty_clay_loam,0.848,0.786,0,0,0,0,0,0,0,0,0.0,0.901,1
soc_trang,2025,2,adaptive_inflation,silty_clay_loam,0.848,0.786,0,20,321.2,0,0,0,0,0,321.2,0.0,0
soc_trang,2025,3,honest_paper,clay,0.777,0.819,0,4,80.0,0,0,0,0,0,0.0,0.851,5
soc_trang,2025,3,honest_field,clay,0.777,0.819,0,0,0,0,0,0,0,0,0.0,0.901,1
soc_trang,2025,3,adaptive_inflation,clay,0.777,0.819,0,20,325.5,0,0,0,0,0,325.5,0.0,0
soc_trang,2025,4,honest_paper,clay,0.654,0.813,0,4,120.0,0,0,0,0,0,0.0,0.851,5
soc_trang,2025,4,honest_field,clay,0.654,0.813,0,0,0,0,0,0,0,0,0.0,0.901,1
soc_trang,2025,4,adaptive_inflation,clay,0.654,0.813,0,20,315.7,0,0,0,0,0,315.7,0.0,0
soc_trang,2025,5,honest_paper,clay,0.799,0.617,1,3,100.0,110.0,0,0,0,0,0.0,0.851,4
soc_trang,2025,5,honest_field,clay,0.799,0.617,1,3,110.0,110.0,0,0,0,0,0.0,0.855,4
soc_trang,2025,5,fraud_added_events,clay,0.799,0.617,1,11,470.0,110.0,6,0,7,1,0.0,0.798,5
soc_trang,2025,5,fraud_infeasible_depth,clay,0.799,0.617,1,3,225.0,110.0,0,0,1,1,0.0,0.855,3
soc_trang,2025,5,fraud_omission,clay,0.799,0.617,1,3,110.0,110.0,0,0,0,0,0.0,0.855,4
soc_trang,2025,5,fraud_adaptive,clay,0.799,0.617,1,21,413.1,110.0,1,0,3,1,0.0,0.202,0
soc_trang,2025,5,adaptive_inflation,clay,0.799,0.617,1,21,405.0,110.0,2,0,3,1,295.0,0.0,0
soc_trang,2025,6,honest_paper,silty_clay_loam,0.823,0.614,0,4,80.0,90.0,0,0,0,0,0.0,0.802,5
soc_trang,2025,6,honest_field,silty_clay_loam,0.823,0.614,0,2,90.0,90.0,0,0,1,1,0.0,0.877,2
soc_trang,2025,6,adaptive_inflation,silty_clay_loam,0.823,0.614,0,21,391.1,90.0,1,0,2,1,301.1,0.0,0
soc_trang,2025,7,honest_paper,sandy_loam,0.805,0.592,1,6,120.0,90.0,0,0,0,0,0.0,0.762,7
soc_trang,2025,7,honest_field,sandy_loam,0.805,0.592,1,4,100.0,90.0,0,0,0,0,0.0,0.814,5
soc_trang,2025,7,fraud_added_events,sandy_loam,0.805,0.592,1,12,500.0,90.0,7,0,8,1,0.0,0.814,5
soc_trang,2025,7,fraud_infeasible_depth,sandy_loam,0.805,0.592,1,4,240.0,90.0,0,0,1,1,0.0,0.814,4
soc_trang,2025,7,fraud_omission,sandy_loam,0.805,0.592,1,4,100.0,90.0,0,0,0,0,0.0,0.814,5
soc_trang,2025,7,fraud_adaptive,sandy_loam,0.805,0.592,1,22,386.2,90.0,1,0,4,1,0.0,0.178,0
soc_trang,2025,7,adaptive_inflation,sandy_loam,0.805,0.592,1,23,401.0,100.0,2,0,4,1,301.0,0.0,0
soc_trang,2025,8,honest_paper,clay,0.634,0.585,1,4,120.0,140.0,0,0,0,0,0.0,0.851,4
soc_trang,2025,8,honest_field,clay,0.634,0.585,1,4,140.0,140.0,0,0,0,0,0.0,0.859,3
soc_trang,2025,8,fraud_added_events,clay,0.634,0.585,1,12,460.0,140.0,6,0,8,1,0.0,0.764,4
soc_trang,2025,8,fraud_infeasible_depth,clay,0.634,0.585,1,4,280.0,140.0,0,0,2,1,0.0,0.855,2
soc_trang,2025,8,fraud_omission,clay,0.634,0.585,1,3,95.0,140.0,0,0,0,0,45.0,0.893,2
soc_trang,2025,8,fraud_adaptive,clay,0.634,0.585,1,23,450.0,140.0,3,0,4,1,0.0,0.189,0
soc_trang,2025,8,adaptive_inflation,clay,0.634,0.585,1,23,451.3,140.0,2,0,4,1,311.3,0.0,0
soc_trang,2025,9,honest_paper,loam,0.81,0.667,0,4,120.0,50.0,0,0,0,0,0.0,0.829,4
soc_trang,2025,9,honest_field,loam,0.81,0.667,0,1,30.0,50.0,0,0,0,0,0.0,0.901,2
soc_trang,2025,9,adaptive_inflation,loam,0.81,0.667,0,21,343.5,30.0,1,0,1,1,313.5,0.0,0
ca_mau,2024,0,honest_paper,sandy_loam,0.619,0.769,0,8,180.0,50.0,0,0,0,0,0.0,0.774,9
ca_mau,2024,0,honest_field,sandy_loam,0.619,0.769,0,2,55.0,50.0,0,0,0,0,0.0,0.965,3
ca_mau,2024,0,adaptive_inflation,sandy_loam,0.619,0.769,0,29,503.0,55.0,0,0,2,1,448.0,0.0,0
ca_mau,2024,1,honest_paper,clay,0.602,0.569,1,5,160.0,225.0,0,0,0,0,0.0,0.842,6
ca_mau,2024,1,honest_field,clay,0.602,0.569,1,7,225.0,225.0,0,0,0,0,0.0,0.821,5
ca_mau,2024,1,fraud_added_events,clay,0.602,0.569,1,15,605.0,225.0,6,0,8,1,0.0,0.821,5
ca_mau,2024,1,fraud_infeasible_depth,clay,0.602,0.569,1,7,495.0,225.0,0,0,3,1,0.0,0.821,5
ca_mau,2024,1,fraud_omission,clay,0.602,0.569,1,7,225.0,225.0,0,0,0,0,0.0,0.821,5
ca_mau,2024,1,fraud_adaptive,clay,0.602,0.569,1,31,626.1,225.0,1,0,7,1,0.0,0.176,0
ca_mau,2024,1,adaptive_inflation,clay,0.602,0.569,1,31,625.1,225.0,1,0,7,1,400.1,0.0,0
ca_mau,2024,2,honest_paper,clay,0.615,0.678,1,6,160.0,135.0,0,0,0,0,0.0,0.842,8
ca_mau,2024,2,honest_field,clay,0.615,0.678,1,4,135.0,135.0,0,0,0,0,0.0,0.952,5
ca_mau,2024,2,fraud_added_events,clay,0.615,0.678,1,12,395.0,135.0,6,0,7,1,0.0,0.952,4
ca_mau,2024,2,fraud_infeasible_depth,clay,0.615,0.678,1,4,250.0,135.0,0,0,1,1,0.0,0.952,4
ca_mau,2024,2,fraud_omission,clay,0.615,0.678,1,4,135.0,135.0,0,0,0,0,0.0,0.952,5
ca_mau,2024,2,fraud_adaptive,clay,0.615,0.678,1,31,567.9,135.0,3,0,4,1,0.0,0.184,0
ca_mau,2024,2,adaptive_inflation,clay,0.615,0.678,1,29,545.6,135.0,1,0,4,1,410.6,0.0,0
ca_mau,2024,3,honest_paper,silt_loam,0.617,0.669,1,5,180.0,170.0,0,0,0,0,0.0,0.876,5
ca_mau,2024,3,honest_field,silt_loam,0.617,0.669,1,5,135.0,170.0,0,0,0,0,0.0,0.921,6
ca_mau,2024,3,fraud_added_events,silt_loam,0.617,0.669,1,13,415.0,170.0,6,0,7,1,0.0,0.921,6
ca_mau,2024,3,fraud_infeasible_depth,silt_loam,0.617,0.669,1,5,265.0,170.0,0,0,1,1,0.0,0.921,4
ca_mau,2024,3,fraud_omission,silt_loam,0.617,0.669,1,5,135.0,170.0,0,0,0,0,0.0,0.921,6
ca_mau,2024,3,fraud_adaptive,silt_loam,0.617,0.669,1,31,552.2,170.0,4,0,5,1,0.0,0.19,0
ca_mau,2024,3,adaptive_inflation,silt_loam,0.617,0.669,1,31,546.6,135.0,3,0,5,1,411.6,0.0,0
ca_mau,2024,4,honest_paper,sandy_loam,0.686,0.71,1,7,220.0,135.0,0,0,0,0,0.0,0.769,7
ca_mau,2024,4,honest_field,sandy_loam,0.686,0.71,1,3,150.0,135.0,0,0,0,0,0.0,0.931,5
ca_mau,2024,4,fraud_added_events,sandy_loam,0.686,0.71,1,11,390.0,135.0,6,0,7,1,0.0,0.931,4
ca_mau,2024,4,fraud_infeasible_depth,sandy_loam,0.686,0.71,1,3,250.0,135.0,0,0,1,1,0.0,0.931,6
ca_mau,2024,4,fraud_omission,sandy_loam,0.686,0.71,1,3,150.0,135.0,0,0,0,0,0.0,0.931,5
ca_mau,2024,4,fraud_adaptive,sandy_loam,0.686,0.71,1,30,587.0,135.0,2,0,3,1,0.0,0.19,0
ca_mau,2024,4,adaptive_inflation,sandy_loam,0.686,0.71,1,30,599.8,150.0,2,0,3,1,449.8,0.0,0
ca_mau,2024,5,honest_paper,silty_clay_loam,0.808,0.814,0,6,200.0,45.0,0,0,0,0,0.0,0.801,6
ca_mau,2024,5,honest_field,silty_clay_loam,0.808,0.814,0,1,45.0,45.0,0,0,0,0,0.0,0.983,2
ca_mau,2024,5,adaptive_inflation,silty_clay_loam,0.808,0.814,0,29,501.1,45.0,0,0,1,1,456.1,0.0,0
ca_mau,2024,6,honest_paper,silty_clay_loam,0.848,0.834,0,7,200.0,0,0,0,0,0,0.0,0.803,7
ca_mau,2024,6,honest_field,silty_clay_loam,0.848,0.834,0,0,0,0,0,0,0,0,0.0,0.987,1
ca_mau,2024,6,adaptive_inflation,silty_clay_loam,0.848,0.834,0,28,457.1,0,0,0,0,0,457.1,0.0,0
ca_mau,2024,7,honest_paper,silt_loam,0.622,0.755,0,6,160.0,75.0,0,0,0,0,0.0,0.876,6
ca_mau,2024,7,honest_field,silt_loam,0.622,0.755,0,2,75.0,75.0,0,0,0,0,0.0,0.965,3
ca_mau,2024,7,adaptive_inflation,silt_loam,0.622,0.755,0,30,526.3,75.0,1,0,2,1,451.3,0.0,0
ca_mau,2024,8,honest_paper,clay,0.798,0.656,1,5,180.0,120.0,0,0,0,0,0.0,0.842,7
ca_mau,2024,8,honest_field,clay,0.798,0.656,1,4,100.0,120.0,0,0,0,0,0.0,0.947,5
ca_mau,2024,8,fraud_added_events,clay,0.798,0.656,1,12,380.0,120.0,6,0,6,1,0.0,0.947,5
ca_mau,2024,8,fraud_infeasible_depth,clay,0.798,0.656,1,4,240.0,120.0,0,0,1,1,0.0,0.924,4
ca_mau,2024,8,fraud_omission,clay,0.798,0.656,1,4,100.0,120.0,0,0,0,0,0.0,0.947,5
ca_mau,2024,8,fraud_adaptive,clay,0.798,0.656,1,30,512.0,120.0,1,0,4,1,0.0,0.217,0
ca_mau,2024,8,adaptive_inflation,clay,0.798,0.656,1,31,527.7,100.0,2,0,4,1,427.7,0.0,0
ca_mau,2024,9,honest_paper,silty_clay_loam,0.842,0.685,1,6,180.0,150.0,0,0,0,0,0.0,0.801,8
ca_mau,2024,9,honest_field,silty_clay_loam,0.842,0.685,1,4,140.0,150.0,0,0,0,0,0.0,0.913,5
ca_mau,2024,9,fraud_added_events,silty_clay_loam,0.842,0.685,1,12,440.0,150.0,6,0,7,1,0.0,0.913,5
ca_mau,2024,9,fraud_infeasible_depth,silty_clay_loam,0.842,0.685,1,4,255.0,150.0,0,0,1,1,0.0,0.913,5
ca_mau,2024,9,fraud_omission,silty_clay_loam,0.842,0.685,1,4,140.0,150.0,0,0,0,0,0.0,0.913,5
ca_mau,2024,9,fraud_adaptive,silty_clay_loam,0.842,0.685,1,31,567.7,150.0,1,0,4,1,0.0,0.199,0
ca_mau,2024,9,adaptive_inflation,silty_clay_loam,0.842,0.685,1,30,581.4,140.0,1,0,4,1,441.4,0.0,0
ca_mau,2025,0,honest_paper,sandy_loam,0.723,0.713,0,2,40.0,45.0,0,0,0,0,0.0,0.727,3
ca_mau,2025,0,honest_field,sandy_loam,0.723,0.713,0,1,45.0,45.0,0,0,0,0,0.0,0.843,3
ca_mau,2025,0,adaptive_inflation,sandy_loam,0.723,0.713,0,14,251.8,45.0,0,0,1,1,206.8,0.0,0
ca_mau,2025,1,honest_paper,silt_loam,0.782,0.657,0,0,0,0,0,0,0,0,0.0,0.856,3
ca_mau,2025,1,honest_field,silt_loam,0.782,0.657,0,0,0,0,0,0,0,0,0.0,0.856,3
ca_mau,2025,1,adaptive_inflation,silt_loam,0.782,0.657,0,15,233.3,0,0,0,0,0,233.3,0.0,0
ca_mau,2025,2,honest_paper,silty_clay_loam,0.746,0.577,0,1,40.0,45.0,0,0,0,0,0.0,0.801,3
ca_mau,2025,2,honest_field,silty_clay_loam,0.746,0.577,0,1,45.0,45.0,0,0,0,0,0.0,0.833,3
ca_mau,2025,2,adaptive_inflation,silty_clay_loam,0.746,0.577,0,14,251.1,45.0,0,0,1,1,206.1,0.0,0
ca_mau,2025,3,honest_paper,clay,0.806,0.723,0,1,40.0,0,0,0,0,0,0.0,0.846,3
ca_mau,2025,3,honest_field,clay,0.806,0.723,0,0,0,0,0,0,0,0,0.0,0.856,3
ca_mau,2025,3,adaptive_inflation,clay,0.806,0.723,0,13,214.1,0,0,0,0,0,214.1,0.0,0
ca_mau,2025,4,honest_paper,silt_loam,0.744,0.615,0,0,0,30.0,0,0,0,0,0.0,0.856,3
ca_mau,2025,4,honest_field,silt_loam,0.744,0.615,0,1,30.0,30.0,0,0,0,0,0.0,0.798,3
ca_mau,2025,4,adaptive_inflation,silt_loam,0.744,0.615,0,15,250.6,30.0,0,0,1,1,220.6,0.0,0
ca_mau,2025,5,honest_paper,loam,0.728,0.797,0,1,40.0,0,0,0,0,0,0.0,0.828,3
ca_mau,2025,5,honest_field,loam,0.728,0.797,0,0,0,0,0,0,0,0,0.0,0.856,3
ca_mau,2025,5,adaptive_inflation,loam,0.728,0.797,0,13,212.4,0,0,0,0,0,212.4,0.0,0
ca_mau,2025,6,honest_paper,silt_loam,0.684,0.609,0,0,0,0,0,0,0,0,0.0,0.856,3
ca_mau,2025,6,honest_field,silt_loam,0.684,0.609,0,0,0,0,0,0,0,0,0.0,0.856,3
ca_mau,2025,6,adaptive_inflation,silt_loam,0.684,0.609,0,14,226.4,0,0,0,0,0,226.4,0.0,0
ca_mau,2025,7,honest_paper,silt_loam,0.616,0.8,0,0,0,0,0,0,0,0,0.0,0.856,3
ca_mau,2025,7,honest_field,silt_loam,0.616,0.8,0,0,0,0,0,0,0,0,0.0,0.856,3
ca_mau,2025,7,adaptive_inflation,silt_loam,0.616,0.8,0,15,235.7,0,0,0,0,0,235.7,0.0,0
ca_mau,2025,8,honest_paper,clay,0.776,0.845,0,1,40.0,0,0,0,0,0,0.0,0.846,3
ca_mau,2025,8,honest_field,clay,0.776,0.845,0,0,0,0,0,0,0,0,0.0,0.856,3
ca_mau,2025,8,adaptive_inflation,clay,0.776,0.845,0,14,224.0,0,0,0,0,0,224.0,0.0,0
ca_mau,2025,9,honest_paper,silty_clay_loam,0.77,0.565,0,1,40.0,30.0,0,0,0,0,0.0,0.801,3
ca_mau,2025,9,honest_field,silty_clay_loam,0.77,0.565,0,1,30.0,30.0,0,0,1,1,0.0,0.751,3
ca_mau,2025,9,adaptive_inflation,silty_clay_loam,0.77,0.565,0,13,227.9,30.0,0,0,1,1,197.9,0.0,0
