intrusion,variant,policy,station,network,seed,budget_mm,year,unsafe_pct,water_mm,sent,withheld,withheld_saline,fresh_hours,fresh_frac,saline_mm,salt_excess_dsm_mm,mean_excess_dsm,est_yield_loss_pct
0.5,central,TwinGate+T2,can_tho,severe,7,240.0,2024,13.1944,240.0,39,78,0,1073,0.4968,0.0,0.0,0.0,0.0
0.5,central,TwinGate+T2,can_tho,severe,11,240.0,2024,11.2963,240.0,34,78,0,1073,0.4968,0.0,0.0,0.0,0.0
0.5,central,Oracle,can_tho,severe,7,240.0,2024,0.3704,200.0,22,0,0,1073,0.4968,0.0,0.0,0.0,0.0
0.5,central,Oracle,can_tho,severe,11,240.0,2024,0.0,200.0,40,0,0,1073,0.4968,0.0,0.0,0.0,0.0
0.5,central,Reactive+T2,can_tho,severe,7,240.0,2024,34.6759,240.0,13,0,0,1073,0.4968,0.0,0.0,0.0,0.0
0.5,central,Reactive+T2,can_tho,severe,11,240.0,2024,34.6759,240.0,9,0,0,1073,0.4968,180.0,218.84,1.2158,14.59
0.5,central,FixedSchedule,can_tho,severe,7,240.0,2024,52.4537,240.0,18,0,0,1073,0.4968,240.0,415.69,1.732,20.784
0.5,central,FixedSchedule,can_tho,severe,11,240.0,2024,52.4537,240.0,21,0,0,1073,0.4968,240.0,382.18,1.5924,19.109
1.0,central,TwinGate+T2,can_tho,severe,7,240.0,2024,31.25,200.0,17,82,29,420,0.1944,0.0,0.0,0.0,0.0
1.0,central,TwinGate+T2,can_tho,severe,11,240.0,2024,26.3426,180.0,31,77,29,420,0.1944,0.0,0.0,0.0,0.0
1.0,central,Oracle,can_tho,severe,7,240.0,2024,28.5185,160.0,18,29,29,420,0.1944,0.0,0.0,0.0,0.0
1.0,central,Oracle,can_tho,severe,11,240.0,2024,33.4722,140.0,25,30,30,420,0.1944,0.0,0.0,0.0,0.0
1.0,central,Reactive+T2,can_tho,severe,7,240.0,2024,34.6759,240.0,13,0,0,420,0.1944,180.0,346.71,1.9262,23.114
1.0,central,Reactive+T2,can_tho,severe,11,240.0,2024,34.6759,240.0,9,0,0,420,0.1944,240.0,1011.06,4.2128,50.553
1.0,central,FixedSchedule,can_tho,severe,7,240.0,2024,52.4537,240.0,18,0,0,420,0.1944,240.0,1479.37,6.1641,73.969
1.0,central,FixedSchedule,can_tho,severe,11,240.0,2024,52.4537,240.0,21,0,0,420,0.1944,240.0,1412.37,5.8849,70.618
2.0,central,TwinGate+T2,can_tho,severe,7,240.0,2024,54.1204,60.0,3,88,61,56,0.0259,0.0,0.0,0.0,0.0
2.0,central,TwinGate+T2,can_tho,severe,11,240.0,2024,54.6759,40.0,2,89,61,56,0.0259,0.0,0.0,0.0,0.0
2.0,central,Oracle,can_tho,severe,7,240.0,2024,54.1204,80.0,2,61,61,56,0.0259,0.0,0.0,0.0,0.0
2.0,central,Oracle,can_tho,severe,11,240.0,2024,54.6759,60.0,2,61,61,56,0.0259,0.0,0.0,0.0,0.0
2.0,central,Reactive+T2,can_tho,severe,7,240.0,2024,34.6759,240.0,13,0,0,56,0.0259,240.0,1227.77,5.1157,61.389
2.0,central,Reactive+T2,can_tho,severe,11,240.0,2024,34.6759,240.0,9,0,0,56,0.0259,240.0,2670.12,11.1255,100.0
2.0,central,FixedSchedule,can_tho,severe,7,240.0,2024,52.4537,240.0,18,0,0,56,0.0259,240.0,3606.75,15.0281,100.0
2.0,central,FixedSchedule,can_tho,severe,11,240.0,2024,52.4537,240.0,21,0,0,56,0.0259,240.0,3472.74,14.4697,100.0
