sigma_frac,delta,rule,station,network,budget_mm,seed,unsafe_pct,withheld_frac,water_mm,dup,dup_mm,gen,sent,awd_eff,awd_short,stress_h,rmse,pass_width_mm
0.02,0.01,target,can_tho,mild,240.0,7,0.0,0.8778,240.0,3,60.0,11,17,7,3,1278,1.2909,44.969
0.02,0.01,target,can_tho,mild,240.0,11,2.8241,0.9111,240.0,5,100.0,8,12,5,3,1154,0.0,44.969
0.02,0.01,target,can_tho,mild,400.0,7,0.0,0.8111,340.0,5,100.0,17,27,3,8,781,1.6101,44.969
0.02,0.01,target,can_tho,mild,400.0,11,0.0,0.8667,320.0,7,140.0,12,20,3,7,702,0.8607,44.969
0.02,0.01,target,can_tho,severe,240.0,7,0.0,0.8667,240.0,2,40.0,12,36,6,4,1280,1.4271,44.969
0.02,0.01,target,can_tho,severe,240.0,11,0.6019,0.8556,240.0,4,80.0,13,37,7,3,1268,1.4021,44.969
0.02,0.01,target,can_tho,severe,400.0,7,0.0,0.7778,300.0,2,40.0,20,66,2,9,936,1.7743,44.969
0.02,0.01,target,can_tho,severe,400.0,11,0.0,0.8111,320.0,4,80.0,17,51,3,7,799,1.8061,44.969
0.02,0.01,centre,can_tho,mild,240.0,7,13.5185,0.9,240.0,4,80.0,9,15,0,7,929,0.7454,44.969
0.02,0.01,centre,can_tho,mild,240.0,11,13.5648,0.9,240.0,5,100.0,9,13,0,6,926,0.4303,44.969
0.02,0.01,centre,can_tho,mild,400.0,7,0.0,0.8556,360.0,8,160.0,13,22,0,8,388,0.9622,44.969
0.02,0.01,centre,can_tho,mild,400.0,11,0.0,0.8444,360.0,6,120.0,14,21,0,9,435,0.7454,44.969
0.02,0.01,centre,can_tho,severe,240.0,7,11.3426,0.8333,240.0,3,60.0,15,41,1,7,1016,1.4907,44.969
0.02,0.01,centre,can_tho,severe,240.0,11,11.3426,0.8333,240.0,5,100.0,15,50,1,4,999,1.6666,44.969
0.02,0.01,centre,can_tho,severe,400.0,7,0.0,0.8,360.0,7,140.0,18,51,1,9,551,1.7212,44.969
0.02,0.01,centre,can_tho,severe,400.0,11,0.0,0.7778,340.0,6,120.0,20,62,1,6,581,1.7742,44.969
0.02,0.05,target,can_tho,mild,240.0,7,0.0,0.9,240.0,4,80.0,9,14,9,0,1230,0.6086,48.443
0.02,0.05,target,can_tho,mild,240.0,11,0.0,0.8778,240.0,5,100.0,11,16,10,0,1232,0.8607,48.443
0.02,0.05,target,can_tho,mild,400.0,7,0.0,0.8444,340.0,7,140.0,14,22,3,7,732,1.054,48.443
0.02,0.05,target,can_tho,mild,400.0,11,0.0,0.8556,320.0,7,140.0,13,21,3,7,718,0.9623,48.443
0.02,0.05,target,can_tho,severe,240.0,7,1.25,0.8444,240.0,4,80.0,14,44,9,0,1198,1.61,48.443
0.02,0.05,target,can_tho,severe,240.0,11,0.0,0.8667,240.0,3,60.0,12,36,9,0,1156,1.4667,48.443
0.02,0.05,target,can_tho,severe,400.0,7,0.0,0.7778,300.0,4,80.0,20,65,3,7,874,1.8256,48.443
0.02,0.05,target,can_tho,severe,400.0,11,0.0,0.8111,320.0,5,100.0,17,55,3,6,733,1.8567,48.443
0.02,0.05,centre,can_tho,mild,240.0,7,13.5185,0.9,240.0,4,80.0,9,15,0,7,929,0.7454,48.443
0.02,0.05,centre,can_tho,mild,240.0,11,13.5648,0.9,240.0,5,100.0,9,13,0,6,926,0.4303,48.443
0.02,0.05,centre,can_tho,mild,400.0,7,0.0,0.8556,360.0,8,160.0,13,22,0,8,388,0.9622,48.443
0.02,0.05,centre,can_tho,mild,400.0,11,0.0,0.8444,360.0,6,120.0,14,21,0,9,435,0.7454,48.443
0.02,0.05,centre,can_tho,severe,240.0,7,11.3426,0.8333,240.0,3,60.0,15,41,1,7,1016,1.4907,48.443
0.02,0.05,centre,can_tho,severe,240.0,11,11.3426,0.8333,240.0,5,100.0,15,50,1,4,999,1.6666,48.443
0.02,0.05,centre,can_tho,severe,400.0,7,0.0,0.8,360.0,7,140.0,18,51,1,9,551,1.7212,48.443
0.02,0.05,centre,can_tho,severe,400.0,11,0.0,0.7778,340.0,6,120.0,20,62,1,6,581,1.7742,48.443
0.02,0.2,target,can_tho,mild,240.0,7,0.0,0.8889,220.0,4,80.0,10,15,9,0,1275,0.8607,52.27
0.02,0.2,target,can_tho,mild,240.0,11,0.0,0.9111,220.0,5,100.0,8,14,7,0,1256,0.7454,52.27
0.02,0.2,target,can_tho,mild,400.0,7,0.0,0.8333,340.0,6,120.0,15,24,3,7,745,1.2171,52.27
0.02,0.2,target,can_tho,mild,400.0,11,0.0,0.8667,320.0,7,140.0,12,20,2,7,673,0.8607,52.27
0.02,0.2,target,can_tho,severe,240.0,7,1.1111,0.8778,200.0,2,40.0,11,32,9,0,1410,1.4272,52.27
0.02,0.2,target,can_tho,severe,240.0,11,0.8796,0.8778,220.0,3,60.0,11,36,8,0,1252,1.4906,52.27
0.02,0.2,target,can_tho,severe,400.0,7,0.0,0.7889,300.0,3,60.0,19,63,3,7,830,1.7742,52.27
0.02,0.2,target,can_tho,severe,400.0,11,0.4167,0.7889,300.0,5,100.0,19,65,4,7,825,1.9244,52.27
0.02,0.2,centre,can_tho,mild,240.0,7,13.5185,0.9,240.0,4,80.0,9,15,0,7,929,0.7454,52.27
0.02,0.2,centre,can_tho,mild,240.0,11,13.5648,0.9,240.0,5,100.0,9,13,0,6,926,0.4303,52.27
0.02,0.2,centre,can_tho,mild,400.0,7,0.0,0.8556,360.0,8,160.0,13,22,0,8,388,0.9622,52.27
0.02,0.2,centre,can_tho,mild,400.0,11,0.0,0.8444,360.0,6,120.0,14,21,0,9,435,0.7454,52.27
0.02,0.2,centre,can_tho,severe,240.0,7,11.3426,0.8333,240.0,3,60.0,15,41,1,7,1016,1.4907,52.27
0.02,0.2,centre,can_tho,severe,240.0,11,11.3426,0.8333,240.0,5,100.0,15,50,1,4,999,1.6666,52.27
0.02,0.2,centre,can_tho,severe,400.0,7,0.0,0.8,360.0,7,140.0,18,51,1,9,551,1.7212,52.27
0.02,0.2,centre,can_tho,severe,400.0,11,0.0,0.7778,340.0,6,120.0,20,62,1,6,581,1.7742,52.27
0.1,0.01,target,can_tho,mild,240.0,7,57.8241,1.0,0.0,0,0.0,0,0,0,0,1584,0.0,-13.154
0.1,0.01,target,can_tho,mild,240.0,11,57.8241,1.0,0.0,0,0.0,0,0,0,0,1584,0.0,-13.154
0.1,0.01,target,can_tho,mild,400.0,7,57.8241,1.0,0.0,0,0.0,0,0,0,0,1584,0.0,-13.154
0.1,0.01,target,can_tho,mild,400.0,11,57.8241,1.0,0.0,0,0.0,0,0,0,0,1584,0.0,-13.154
0.1,0.01,target,can_tho,severe,240.0,7,57.8241,1.0,0.0,0,0.0,0,0,0,0,1584,0.0,-13.154
0.1,0.01,target,can_tho,severe,240.0,11,57.8241,1.0,0.0,0,0.0,0,0,0,0,1584,0.0,-13.154
0.1,0.01,target,can_tho,severe,400.0,7,57.8241,1.0,0.0,0,0.0,0,0,0,0,1584,0.0,-13.154
0.1,0.01,target,can_tho,severe,400.0,11,57.8241,1.0,0.0,0,0.0,0,0,0,0,1584,0.0,-13.154
0.1,0.01,centre,can_tho,mild,240.0,7,57.8241,1.0,0.0,0,0.0,0,0,0,0,1584,0.0,-13.154
0.1,0.01,centre,can_tho,mild,240.0,11,57.8241,1.0,0.0,0,0.0,0,0,0,0,1584,0.0,-13.154
0.1,0.01,centre,can_tho,mild,400.0,7,57.8241,1.0,0.0,0,0.0,0,0,0,0,1584,0.0,-13.154
0.1,0.01,centre,can_tho,mild,400.0,11,57.8241,1.0,0.0,0,0.0,0,0,0,0,1584,0.0,-13.154
0.1,0.01,centre,can_tho,severe,240.0,7,57.8241,1.0,0.0,0,0.0,0,0,0,0,1584,0.0,-13.154
0.1,0.01,centre,can_tho,severe,240.0,11,57.8241,1.0,0.0,0,0.0,0,0,0,0,1584,0.0,-13.154
0.1,0.01,centre,can_tho,severe,400.0,7,57.8241,1.0,0.0,0,0.0,0,0,0,0,1584,0.0,-13.154
0.1,0.01,centre,can_tho,severe,400.0,11,57.8241,1.0,0.0,0,0.0,0,0,0,0,1584,0.0,-13.154
0.1,0.05,target,can_tho,mild,240.0,7,11.4352,0.9,240.0,4,80.0,9,14,0,8,1017,0.9622,4.217
0.1,0.05,target,can_tho,mild,240.0,11,11.4815,0.9,240.0,4,80.0,9,14,0,9,1037,0.6086,4.217
0.1,0.05,target,can_tho,mild,400.0,7,0.0,0.8778,340.0,7,140.0,11,19,0,10,544,0.9622,4.217
0.1,0.05,target,can_tho,mild,400.0,11,0.0,0.8667,340.0,6,120.0,12,19,0,12,616,0.6086,4.217
0.1,0.05,target,can_tho,severe,240.0,7,12.6852,0.8667,240.0,2,60.0,12,36,1,7,1139,1.6666,4.217
0.1,0.05,target,can_tho,severe,240.0,11,8.3333,0.8111,240.0,3,60.0,17,57,1,8,1118,1.8257,4.217
0.1,0.05,target,can_tho,severe,400.0,7,3.75,0.8333,320.0,3,80.0,15,45,1,10,805,1.8257,4.217
0.1,0.05,target,can_tho,severe,400.0,11,4.7685,0.7889,320.0,5,100.0,19,64,1,10,849,2.1516,4.217
0.1,0.05,centre,can_tho,mild,240.0,7,11.4352,0.9,240.0,4,80.0,9,14,0,8,1017,0.9622,4.217
0.1,0.05,centre,can_tho,mild,240.0,11,11.4815,0.9,240.0,4,80.0,9,14,0,9,1037,0.6086,4.217
0.1,0.05,centre,can_tho,mild,400.0,7,0.0,0.8778,340.0,7,140.0,11,19,0,10,544,0.9622,4.217
0.1,0.05,centre,can_tho,mild,400.0,11,0.0,0.8667,340.0,6,120.0,12,19,0,12,616,0.6086,4.217
0.1,0.05,centre,can_tho,severe,240.0,7,12.6852,0.8667,240.0,2,60.0,12,36,1,7,1139,1.6666,4.217
0.1,0.05,centre,can_tho,severe,240.0,11,8.3333,0.8111,240.0,3,60.0,17,57,1,8,1118,1.8257,4.217
0.1,0.05,centre,can_tho,severe,400.0,7,3.75,0.8333,320.0,3,80.0,15,45,1,10,805,1.8257,4.217
0.1,0.05,centre,can_tho,severe,400.0,11,4.7685,0.7889,320.0,5,100.0,19,64,1,10,849,2.1516,4.217
0.1,0.2,target,can_tho,mild,240.0,7,9.0741,0.9111,240.0,4,80.0,8,12,0,8,1110,0.0,23.352
0.1,0.2,target,can_tho,mild,240.0,11,8.9352,0.9,240.0,5,100.0,9,14,1,7,1116,0.6086,23.352
0.1,0.2,target,can_tho,mild,400.0,7,0.0,0.8889,340.0,7,140.0,10,17,0,10,728,0.0,23.352
0.1,0.2,target,can_tho,mild,400.0,11,0.0,0.8667,320.0,7,140.0,12,20,1,9,747,0.8607,23.352
0.1,0.2,target,can_tho,severe,240.0,7,4.6296,0.8222,240.0,2,40.0,16,55,1,9,1242,1.7213,23.352
0.1,0.2,target,can_tho,severe,240.0,11,6.8056,0.8556,240.0,4,80.0,13,39,1,9,1198,1.3608,23.352
0.1,0.2,target,can_tho,severe,400.0,7,0.0,0.8111,360.0,6,120.0,17,55,1,8,739,2.0189,23.352
0.1,0.2,target,can_tho,severe,400.0,11,0.0,0.8222,320.0,5,100.0,16,48,1,10,795,1.4907,23.352
0.1,0.2,centre,can_tho,mild,240.0,7,13.5185,0.9,240.0,4,80.0,9,15,0,7,929,0.7454,23.352
0.1,0.2,centre,can_tho,mild,240.0,11,13.5648,0.9,240.0,5,100.0,9,13,0,6,926,0.4303,23.352
0.1,0.2,centre,can_tho,mild,400.0,7,0.0,0.8556,360.0,8,160.0,13,22,0,8,388,0.9622,23.352
0.1,0.2,centre,can_tho,mild,400.0,11,0.0,0.8444,360.0,6,120.0,14,21,0,9,435,0.7454,23.352
0.1,0.2,centre,can_tho,severe,240.0,7,11.3426,0.8333,240.0,3,60.0,15,41,1,7,1016,1.4907,23.352
0.1,0.2,centre,can_tho,severe,240.0,11,11.3426,0.8333,240.0,5,100.0,15,50,1,4,999,1.6666,23.352
0.1,0.2,centre,can_tho,severe,400.0,7,0.0,0.8,360.0,7,140.0,18,51,1,9,551,1.7212,23.352
0.1,0.2,centre,can_tho,severe,400.0,11,0.0,0.7778,340.0,6,120.0,20,62,1,6,581,1.7742,23.352
0.2,0.01,target,can_tho,mild,240.0,7,57.8241,1.0,0.0,0,0.0,0,0,0,0,1584,0.0,-85.808
0.2,0.01,target,can_tho,mild,240.0,11,57.8241,1.0,0.0,0,0.0,0,0,0,0,1584,0.0,-85.808
0.2,0.01,target,can_tho,mild,400.0,7,57.8241,1.0,0.0,0,0.0,0,0,0,0,1584,0.0,-85.808
0.2,0.01,target,can_tho,mild,400.0,11,57.8241,1.0,0.0,0,0.0,0,0,0,0,1584,0.0,-85.808
0.2,0.01,target,can_tho,severe,240.0,7,57.8241,1.0,0.0,0,0.0,0,0,0,0,1584,0.0,-85.808
0.2,0.01,target,can_tho,severe,240.0,11,57.8241,1.0,0.0,0,0.0,0,0,0,0,1584,0.0,-85.808
0.2,0.01,target,can_tho,severe,400.0,7,57.8241,1.0,0.0,0,0.0,0,0,0,0,1584,0.0,-85.808
0.2,0.01,target,can_tho,severe,400.0,11,57.8241,1.0,0.0,0,0.0,0,0,0,0,1584,0.0,-85.808
0.2,0.01,centre,can_tho,mild,240.0,7,57.8241,1.0,0.0,0,0.0,0,0,0,0,1584,0.0,-85.808
0.2,0.01,centre,can_tho,mild,240.0,11,57.8241,1.0,0.0,0,0.0,0,0,0,0,1584,0.0,-85.808
0.2,0.01,centre,can_tho,mild,400.0,7,57.8241,1.0,0.0,0,0.0,0,0,0,0,1584,0.0,-85.808
0.2,0.01,centre,can_tho,mild,400.0,11,57.8241,1.0,0.0,0,0.0,0,0,0,0,1584,0.0,-85.808
0.2,0.01,centre,can_tho,severe,240.0,7,57.8241,1.0,0.0,0,0.0,0,0,0,0,1584,0.0,-85.808
0.2,0.01,centre,can_tho,severe,240.0,11,57.8241,1.0,0.0,0,0.0,0,0,0,0,1584,0.0,-85.808
0.2,0.01,centre,can_tho,severe,400.0,7,57.8241,1.0,0.0,0,0.0,0,0,0,0,1584,0.0,-85.808
0.2,0.01,centre,can_tho,severe,400.0,11,57.8241,1.0,0.0,0,0.0,0,0,0,0,1584,0.0,-85.808
0.2,0.05,target,can_tho,mild,240.0,7,57.8241,1.0,0.0,0,0.0,0,0,0,0,1584,0.0,-51.066
0.2,0.05,target,can_tho,mild,240.0,11,57.8241,1.0,0.0,0,0.0,0,0,0,0,1584,0.0,-51.066
0.2,0.05,target,can_tho,mild,400.0,7,57.8241,1.0,0.0,0,0.0,0,0,0,0,1584,0.0,-51.066
0.2,0.05,target,can_tho,mild,400.0,11,57.8241,1.0,0.0,0,0.0,0,0,0,0,1584,0.0,-51.066
0.2,0.05,target,can_tho,severe,240.0,7,57.8241,1.0,0.0,0,0.0,0,0,0,0,1584,0.0,-51.066
0.2,0.05,target,can_tho,severe,240.0,11,57.8241,1.0,0.0,0,0.0,0,0,0,0,1584,0.0,-51.066
0.2,0.05,target,can_tho,severe,400.0,7,57.8241,1.0,0.0,0,0.0,0,0,0,0,1584,0.0,-51.066
0.2,0.05,target,can_tho,severe,400.0,11,57.8241,1.0,0.0,0,0.0,0,0,0,0,1584,0.0,-51.066
0.2,0.05,centre,can_tho,mild,240.0,7,57.8241,1.0,0.0,0,0.0,0,0,0,0,1584,0.0,-51.066
0.2,0.05,centre,can_tho,mild,240.0,11,57.8241,1.0,0.0,0,0.0,0,0,0,0,1584,0.0,-51.066
0.2,0.05,centre,can_tho,mild,400.0,7,57.8241,1.0,0.0,0,0.0,0,0,0,0,1584,0.0,-51.066
0.2,0.05,centre,can_tho,mild,400.0,11,57.8241,1.0,0.0,0,0.0,0,0,0,0,1584,0.0,-51.066
0.2,0.05,centre,can_tho,severe,240.0,7,57.8241,1.0,0.0,0,0.0,0,0,0,0,1584,0.0,-51.066
0.2,0.05,centre,can_tho,severe,240.0,11,57.8241,1.0,0.0,0,0.0,0,0,0,0,1584,0.0,-51.066
0.2,0.05,centre,can_tho,severe,400.0,7,57.8241,1.0,0.0,0,0.0,0,0,0,0,1584,0.0,-51.066
0.2,0.05,centre,can_tho,severe,400.0,11,57.8241,1.0,0.0,0,0.0,0,0,0,0,1584,0.0,-51.066
0.2,0.2,target,can_tho,mild,240.0,7,57.8241,1.0,0.0,0,0.0,0,0,0,0,1584,0.0,-12.795
0.2,0.2,target,can_tho,mild,240.0,11,57.8241,1.0,0.0,0,0.0,0,0,0,0,1584,0.0,-12.795
0.2,0.2,target,can_tho,mild,400.0,7,57.8241,1.0,0.0,0,0.0,0,0,0,0,1584,0.0,-12.795
0.2,0.2,target,can_tho,mild,400.0,11,57.8241,1.0,0.0,0,0.0,0,0,0,0,1584,0.0,-12.795
0.2,0.2,target,can_tho,severe,240.0,7,57.8241,1.0,0.0,0,0.0,0,0,0,0,1584,0.0,-12.795
0.2,0.2,target,can_tho,severe,240.0,11,57.8241,1.0,0.0,0,0.0,0,0,0,0,1584,0.0,-12.795
0.2,0.2,target,can_tho,severe,400.0,7,57.8241,1.0,0.0,0,0.0,0,0,0,0,1584,0.0,-12.795
0.2,0.2,target,can_tho,severe,400.0,11,57.8241,1.0,0.0,0,0.0,0,0,0,0,1584,0.0,-12.795
0.2,0.2,centre,can_tho,mild,240.0,7,57.8241,1.0,0.0,0,0.0,0,0,0,0,1584,0.0,-12.795
0.2,0.2,centre,can_tho,mild,240.0,11,57.8241,1.0,0.0,0,0.0,0,0,0,0,1584,0.0,-12.795
0.2,0.2,centre,can_tho,mild,400.0,7,57.8241,1.0,0.0,0,0.0,0,0,0,0,1584,0.0,-12.795
0.2,0.2,centre,can_tho,mild,400.0,11,57.8241,1.0,0.0,0,0.0,0,0,0,0,1584,0.0,-12.795
0.2,0.2,centre,can_tho,severe,240.0,7,57.8241,1.0,0.0,0,0.0,0,0,0,0,1584,0.0,-12.795
0.2,0.2,centre,can_tho,severe,240.0,11,57.8241,1.0,0.0,0,0.0,0,0,0,0,1584,0.0,-12.795
0.2,0.2,centre,can_tho,severe,400.0,7,57.8241,1.0,0.0,0,0.0,0,0,0,0,1584,0.0,-12.795
0.2,0.2,centre,can_tho,severe,400.0,11,57.8241,1.0,0.0,0,0.0,0,0,0,0,1584,0.0,-12.795
