fidelity,station,network,budget,comparison,n_paired,median_diff_unsafe_pp,wilcoxon_p,p_holm,rank_biserial_r,note
awd,ca_mau,mild,80.0,TwinGate+T2 vs TwinGate+T2+centre,10,0.0,n/a,n/a,n/a,all-tie
awd,ca_mau,mild,80.0,TwinGate+T2 vs TwinGate+blindARQ,10,0.0,1.00000,1.00000,-1.0000,
awd,ca_mau,mild,80.0,TwinGate+T2 vs Reactive+T2,10,-3.2407,0.00195,0.00781,-0.8864,
awd,ca_mau,mild,80.0,TwinGate+T2 vs Reactive+blindARQ,10,-3.2407,0.00195,0.00781,-0.8864,
awd,ca_mau,mild,80.0,TwinGate+T2 vs FixedSchedule,10,-10.0463,0.00195,0.00781,-0.8864,
awd,ca_mau,mild,160.0,TwinGate+T2 vs TwinGate+T2+centre,10,0.0,n/a,n/a,n/a,all-tie
awd,ca_mau,mild,160.0,TwinGate+T2 vs TwinGate+blindARQ,10,0.0,n/a,n/a,n/a,all-tie
awd,ca_mau,mild,160.0,TwinGate+T2 vs Reactive+T2,10,0.0,n/a,n/a,n/a,all-tie
awd,ca_mau,mild,160.0,TwinGate+T2 vs Reactive+blindARQ,10,0.0,n/a,n/a,n/a,all-tie
awd,ca_mau,mild,160.0,TwinGate+T2 vs FixedSchedule,10,-2.2222,0.00195,0.00195,-0.8864,
awd,ca_mau,mild,240.0,TwinGate+T2 vs TwinGate+T2+centre,10,0.0,n/a,n/a,n/a,all-tie
awd,ca_mau,mild,240.0,TwinGate+T2 vs TwinGate+blindARQ,10,0.0,n/a,n/a,n/a,all-tie
awd,ca_mau,mild,240.0,TwinGate+T2 vs Reactive+T2,10,0.0,n/a,n/a,n/a,all-tie
awd,ca_mau,mild,240.0,TwinGate+T2 vs Reactive+blindARQ,10,0.0,1.00000,1.00000,-1.0000,
awd,ca_mau,mild,240.0,TwinGate+T2 vs FixedSchedule,10,-5.6944,0.00195,0.00391,-0.8864,
awd,ca_mau,mild,320.0,TwinGate+T2 vs TwinGate+T2+centre,10,0.0,n/a,n/a,n/a,all-tie
awd,ca_mau,mild,320.0,TwinGate+T2 vs TwinGate+blindARQ,10,0.0,n/a,n/a,n/a,all-tie
awd,ca_mau,mild,320.0,TwinGate+T2 vs Reactive+T2,10,0.0,n/a,n/a,n/a,all-tie
awd,ca_mau,mild,320.0,TwinGate+T2 vs Reactive+blindARQ,10,0.0,n/a,n/a,n/a,all-tie
awd,ca_mau,mild,320.0,TwinGate+T2 vs FixedSchedule,10,0.0,0.12500,0.12500,-0.9129,
awd,ca_mau,mild,400.0,TwinGate+T2 vs TwinGate+T2+centre,10,0.0,n/a,n/a,n/a,all-tie
awd,ca_mau,mild,400.0,TwinGate+T2 vs TwinGate+blindARQ,10,0.0,n/a,n/a,n/a,all-tie
awd,ca_mau,mild,400.0,TwinGate+T2 vs Reactive+T2,10,0.0,n/a,n/a,n/a,all-tie
awd,ca_mau,mild,400.0,TwinGate+T2 vs Reactive+blindARQ,10,0.0,n/a,n/a,n/a,all-tie
awd,ca_mau,mild,400.0,TwinGate+T2 vs FixedSchedule,10,0.0,n/a,n/a,n/a,all-tie
awd,ca_mau,mild,inf,TwinGate+T2 vs TwinGate+T2+centre,10,0.0,n/a,n/a,n/a,all-tie
awd,ca_mau,mild,inf,TwinGate+T2 vs TwinGate+blindARQ,10,0.0,n/a,n/a,n/a,all-tie
awd,ca_mau,mild,inf,TwinGate+T2 vs Reactive+T2,10,0.0,n/a,n/a,n/a,all-tie
awd,ca_mau,mild,inf,TwinGate+T2 vs Reactive+blindARQ,10,0.0,n/a,n/a,n/a,all-tie
awd,ca_mau,mild,inf,TwinGate+T2 vs FixedSchedule,10,0.0,n/a,n/a,n/a,all-tie
awd,ca_mau,severe,80.0,TwinGate+T2 vs TwinGate+T2+centre,10,0.0,1.00000,1.00000,-1.0000,
awd,ca_mau,severe,80.0,TwinGate+T2 vs TwinGate+blindARQ,10,0.0,1.00000,1.00000,-1.0000,
awd,ca_mau,severe,80.0,TwinGate+T2 vs Reactive+T2,10,-2.7083,0.00391,0.01172,-0.8885,
awd,ca_mau,severe,80.0,TwinGate+T2 vs Reactive+blindARQ,10,-3.2407,0.00195,0.00977,-0.8864,
awd,ca_mau,severe,80.0,TwinGate+T2 vs FixedSchedule,10,-10.0463,0.00195,0.00977,-0.8864,
awd,ca_mau,severe,160.0,TwinGate+T2 vs TwinGate+T2+centre,10,0.0,n/a,n/a,n/a,all-tie
awd,ca_mau,severe,160.0,TwinGate+T2 vs TwinGate+blindARQ,10,0.0,n/a,n/a,n/a,all-tie
awd,ca_mau,severe,160.0,TwinGate+T2 vs Reactive+T2,10,0.0,n/a,n/a,n/a,all-tie
awd,ca_mau,severe,160.0,TwinGate+T2 vs Reactive+blindARQ,10,0.0,n/a,n/a,n/a,all-tie
awd,ca_mau,severe,160.0,TwinGate+T2 vs FixedSchedule,10,-5.7176,0.00195,0.00195,-0.8864,
awd,ca_mau,severe,240.0,TwinGate+T2 vs TwinGate+T2+centre,10,0.0,n/a,n/a,n/a,all-tie
awd,ca_mau,severe,240.0,TwinGate+T2 vs TwinGate+blindARQ,10,0.0,n/a,n/a,n/a,all-tie
awd,ca_mau,severe,240.0,TwinGate+T2 vs Reactive+T2,10,0.0,n/a,n/a,n/a,all-tie
awd,ca_mau,severe,240.0,TwinGate+T2 vs Reactive+blindARQ,10,0.0,1.00000,1.00000,-1.0000,
awd,ca_mau,severe,240.0,TwinGate+T2 vs FixedSchedule,10,-5.6713,0.00195,0.00391,-0.8864,
awd,ca_mau,severe,320.0,TwinGate+T2 vs TwinGate+T2+centre,10,0.0,n/a,n/a,n/a,all-tie
awd,ca_mau,severe,320.0,TwinGate+T2 vs TwinGate+blindARQ,10,0.0,n/a,n/a,n/a,all-tie
awd,ca_mau,severe,320.0,TwinGate+T2 vs Reactive+T2,10,0.0,n/a,n/a,n/a,all-tie
awd,ca_mau,severe,320.0,TwinGate+T2 vs Reactive+blindARQ,10,0.0,n/a,n/a,n/a,all-tie
awd,ca_mau,severe,320.0,TwinGate+T2 vs FixedSchedule,10,0.0,0.12500,0.12500,-0.9129,
awd,ca_mau,severe,400.0,TwinGate+T2 vs TwinGate+T2+centre,10,0.0,n/a,n/a,n/a,all-tie
awd,ca_mau,severe,400.0,TwinGate+T2 vs TwinGate+blindARQ,10,0.0,n/a,n/a,n/a,all-tie
awd,ca_mau,severe,400.0,TwinGate+T2 vs Reactive+T2,10,0.0,n/a,n/a,n/a,all-tie
awd,ca_mau,severe,400.0,TwinGate+T2 vs Reactive+blindARQ,10,0.0,n/a,n/a,n/a,all-tie
awd,ca_mau,severe,400.0,TwinGate+T2 vs FixedSchedule,10,0.0,1.00000,1.00000,-1.0000,
awd,ca_mau,severe,inf,TwinGate+T2 vs TwinGate+T2+centre,10,0.0,n/a,n/a,n/a,all-tie
awd,ca_mau,severe,inf,TwinGate+T2 vs TwinGate+blindARQ,10,0.0,n/a,n/a,n/a,all-tie
awd,ca_mau,severe,inf,TwinGate+T2 vs Reactive+T2,10,0.0,n/a,n/a,n/a,all-tie
awd,ca_mau,severe,inf,TwinGate+T2 vs Reactive+blindARQ,10,0.0,n/a,n/a,n/a,all-tie
awd,ca_mau,severe,inf,TwinGate+T2 vs FixedSchedule,10,0.0,n/a,n/a,n/a,all-tie
awd,can_tho,mild,80.0,TwinGate+T2 vs TwinGate+T2+centre,10,-3.8194,0.00195,0.00977,-0.8864,
awd,can_tho,mild,80.0,TwinGate+T2 vs TwinGate+blindARQ,10,-0.1389,0.06250,0.06250,-0.9045,
awd,can_tho,mild,80.0,TwinGate+T2 vs Reactive+T2,10,-9.5602,0.00195,0.00977,-0.8864,
awd,can_tho,mild,80.0,TwinGate+T2 vs Reactive+blindARQ,10,-9.5602,0.00195,0.00977,-0.8864,
awd,can_tho,mild,80.0,TwinGate+T2 vs FixedSchedule,10,-19.7917,0.00195,0.00977,-0.8864,
awd,can_tho,mild,160.0,TwinGate+T2 vs TwinGate+T2+centre,10,0.0,n/a,n/a,n/a,all-tie
awd,can_tho,mild,160.0,TwinGate+T2 vs TwinGate+blindARQ,10,0.0,n/a,n/a,n/a,all-tie
awd,can_tho,mild,160.0,TwinGate+T2 vs Reactive+T2,10,-0.0926,0.00195,0.00586,-0.8864,
awd,can_tho,mild,160.0,TwinGate+T2 vs Reactive+blindARQ,10,-0.0926,0.00195,0.00586,-0.8864,
awd,can_tho,mild,160.0,TwinGate+T2 vs FixedSchedule,10,-9.9537,0.00195,0.00586,-0.8864,
awd,can_tho,mild,240.0,TwinGate+T2 vs TwinGate+T2+centre,10,0.0,n/a,n/a,n/a,all-tie
awd,can_tho,mild,240.0,TwinGate+T2 vs TwinGate+blindARQ,10,0.0,n/a,n/a,n/a,all-tie
awd,can_tho,mild,240.0,TwinGate+T2 vs Reactive+T2,10,-0.0926,0.01562,0.01562,-0.8944,
awd,can_tho,mild,240.0,TwinGate+T2 vs Reactive+blindARQ,10,-0.0926,0.00781,0.01562,-0.8911,
awd,can_tho,mild,240.0,TwinGate+T2 vs FixedSchedule,10,-13.7037,0.00195,0.00586,-0.8864,
awd,can_tho,mild,320.0,TwinGate+T2 vs TwinGate+T2+centre,10,0.0,n/a,n/a,n/a,all-tie
awd,can_tho,mild,320.0,TwinGate+T2 vs TwinGate+blindARQ,10,0.0,n/a,n/a,n/a,all-tie
awd,can_tho,mild,320.0,TwinGate+T2 vs Reactive+T2,10,0.0,n/a,n/a,n/a,all-tie
awd,can_tho,mild,320.0,TwinGate+T2 vs Reactive+blindARQ,10,0.0,1.00000,1.00000,-1.0000,
awd,can_tho,mild,320.0,TwinGate+T2 vs FixedSchedule,10,-3.1481,0.00195,0.00391,-0.8864,
awd,can_tho,mild,400.0,TwinGate+T2 vs TwinGate+T2+centre,10,0.0,n/a,n/a,n/a,all-tie
awd,can_tho,mild,400.0,TwinGate+T2 vs TwinGate+blindARQ,10,0.0,n/a,n/a,n/a,all-tie
awd,can_tho,mild,400.0,TwinGate+T2 vs Reactive+T2,10,0.0,n/a,n/a,n/a,all-tie
awd,can_tho,mild,400.0,TwinGate+T2 vs Reactive+blindARQ,10,0.0,n/a,n/a,n/a,all-tie
awd,can_tho,mild,400.0,TwinGate+T2 vs FixedSchedule,10,-0.1389,0.06250,0.06250,-0.9045,
awd,can_tho,mild,inf,TwinGate+T2 vs TwinGate+T2+centre,10,0.0,n/a,n/a,n/a,all-tie
awd,can_tho,mild,inf,TwinGate+T2 vs TwinGate+blindARQ,10,0.0,n/a,n/a,n/a,all-tie
awd,can_tho,mild,inf,TwinGate+T2 vs Reactive+T2,10,0.0,n/a,n/a,n/a,all-tie
awd,can_tho,mild,inf,TwinGate+T2 vs Reactive+blindARQ,10,0.0,n/a,n/a,n/a,all-tie
awd,can_tho,mild,inf,TwinGate+T2 vs FixedSchedule,10,0.0,n/a,n/a,n/a,all-tie
awd,can_tho,severe,80.0,TwinGate+T2 vs TwinGate+T2+centre,10,-4.2361,0.00195,0.00977,-0.8864,
awd,can_tho,severe,80.0,TwinGate+T2 vs TwinGate+blindARQ,10,-0.6713,0.04688,0.04688,-0.7667,
awd,can_tho,severe,80.0,TwinGate+T2 vs Reactive+T2,10,-9.7222,0.00195,0.00977,-0.8864,
awd,can_tho,severe,80.0,TwinGate+T2 vs Reactive+blindARQ,10,-10.1389,0.00195,0.00977,-0.8864,
awd,can_tho,severe,80.0,TwinGate+T2 vs FixedSchedule,10,-20.3009,0.00195,0.00977,-0.8864,
awd,can_tho,severe,160.0,TwinGate+T2 vs TwinGate+T2+centre,10,0.0,1.00000,1.00000,-1.0000,
awd,can_tho,severe,160.0,TwinGate+T2 vs TwinGate+blindARQ,10,0.0,1.00000,1.00000,-1.0000,
awd,can_tho,severe,160.0,TwinGate+T2 vs Reactive+T2,10,-0.0926,0.35938,1.00000,-0.4472,
awd,can_tho,severe,160.0,TwinGate+T2 vs Reactive+blindARQ,10,-0.0926,0.04492,0.17969,-0.6608,
awd,can_tho,severe,160.0,TwinGate+T2 vs FixedSchedule,10,-16.5278,0.00195,0.00977,-0.8864,
awd,can_tho,severe,240.0,TwinGate+T2 vs TwinGate+T2+centre,10,0.0,1.00000,1.00000,-1.0000,
awd,can_tho,severe,240.0,TwinGate+T2 vs TwinGate+blindARQ,10,0.0,1.00000,1.00000,-1.0000,
awd,can_tho,severe,240.0,TwinGate+T2 vs Reactive+T2,10,0.0,0.87500,1.00000,-0.1826,
awd,can_tho,severe,240.0,TwinGate+T2 vs Reactive+blindARQ,10,-0.0926,0.04688,0.18750,-0.6911,
awd,can_tho,severe,240.0,TwinGate+T2 vs FixedSchedule,10,-13.7037,0.00195,0.00977,-0.8864,
awd,can_tho,severe,320.0,TwinGate+T2 vs TwinGate+T2+centre,10,0.0,n/a,n/a,n/a,all-tie
awd,can_tho,severe,320.0,TwinGate+T2 vs TwinGate+blindARQ,10,0.0,n/a,n/a,n/a,all-tie
awd,can_tho,severe,320.0,TwinGate+T2 vs Reactive+T2,10,0.0,n/a,n/a,n/a,all-tie
awd,can_tho,severe,320.0,TwinGate+T2 vs Reactive+blindARQ,10,0.0,1.00000,1.00000,-1.0000,
awd,can_tho,severe,320.0,TwinGate+T2 vs FixedSchedule,10,-3.7037,0.00195,0.00391,-0.8864,
awd,can_tho,severe,400.0,TwinGate+T2 vs TwinGate+T2+centre,10,0.0,n/a,n/a,n/a,all-tie
awd,can_tho,severe,400.0,TwinGate+T2 vs TwinGate+blindARQ,10,0.0,n/a,n/a,n/a,all-tie
awd,can_tho,severe,400.0,TwinGate+T2 vs Reactive+T2,10,0.0,n/a,n/a,n/a,all-tie
awd,can_tho,severe,400.0,TwinGate+T2 vs Reactive+blindARQ,10,0.0,n/a,n/a,n/a,all-tie
awd,can_tho,severe,400.0,TwinGate+T2 vs FixedSchedule,10,-0.1389,0.06250,0.06250,-0.9045,
awd,can_tho,severe,inf,TwinGate+T2 vs TwinGate+T2+centre,10,0.0,n/a,n/a,n/a,all-tie
awd,can_tho,severe,inf,TwinGate+T2 vs TwinGate+blindARQ,10,0.0,n/a,n/a,n/a,all-tie
awd,can_tho,severe,inf,TwinGate+T2 vs Reactive+T2,10,0.0,n/a,n/a,n/a,all-tie
awd,can_tho,severe,inf,TwinGate+T2 vs Reactive+blindARQ,10,0.0,n/a,n/a,n/a,all-tie
awd,can_tho,severe,inf,TwinGate+T2 vs FixedSchedule,10,0.0,n/a,n/a,n/a,all-tie
awd,soc_trang,mild,80.0,TwinGate+T2 vs TwinGate+T2+centre,10,-7.4537,0.00195,0.00977,-0.8864,
awd,soc_trang,mild,80.0,TwinGate+T2 vs TwinGate+blindARQ,10,-0.1389,0.03125,0.03125,-0.8987,
awd,soc_trang,mild,80.0,TwinGate+T2 vs Reactive+T2,10,-12.1759,0.00195,0.00977,-0.8864,
awd,soc_trang,mild,80.0,TwinGate+T2 vs Reactive+blindARQ,10,-12.1759,0.00195,0.00977,-0.8864,
awd,soc_trang,mild,80.0,TwinGate+T2 vs FixedSchedule,10,-22.6852,0.00195,0.00977,-0.8864,
awd,soc_trang,mild,160.0,TwinGate+T2 vs TwinGate+T2+centre,10,-1.5046,0.00195,0.00977,-0.8864,
awd,soc_trang,mild,160.0,TwinGate+T2 vs TwinGate+blindARQ,10,0.0,0.50000,0.50000,-0.9487,
awd,soc_trang,mild,160.0,TwinGate+T2 vs Reactive+T2,10,-6.713,0.00195,0.00977,-0.8864,
awd,soc_trang,mild,160.0,TwinGate+T2 vs Reactive+blindARQ,10,-6.713,0.00195,0.00977,-0.8864,
awd,soc_trang,mild,160.0,TwinGate+T2 vs FixedSchedule,10,-18.6574,0.00195,0.00977,-0.8864,
awd,soc_trang,mild,240.0,TwinGate+T2 vs TwinGate+T2+centre,10,0.0,n/a,n/a,n/a,all-tie
awd,soc_trang,mild,240.0,TwinGate+T2 vs TwinGate+blindARQ,10,0.0,n/a,n/a,n/a,all-tie
awd,soc_trang,mild,240.0,TwinGate+T2 vs Reactive+T2,10,-6.6667,0.00195,0.00586,-0.8864,
awd,soc_trang,mild,240.0,TwinGate+T2 vs Reactive+blindARQ,10,-6.6667,0.00195,0.00586,-0.8864,
awd,soc_trang,mild,240.0,TwinGate+T2 vs FixedSchedule,10,-23.9815,0.00195,0.00586,-0.8864,
awd,soc_trang,mild,320.0,TwinGate+T2 vs TwinGate+T2+centre,10,0.0,n/a,n/a,n/a,all-tie
awd,soc_trang,mild,320.0,TwinGate+T2 vs TwinGate+blindARQ,10,0.0,n/a,n/a,n/a,all-tie
awd,soc_trang,mild,320.0,TwinGate+T2 vs Reactive+T2,10,-0.5787,0.03125,0.03125,-0.8987,
awd,soc_trang,mild,320.0,TwinGate+T2 vs Reactive+blindARQ,10,-0.6019,0.00781,0.01562,-0.8911,
awd,soc_trang,mild,320.0,TwinGate+T2 vs FixedSchedule,10,-10.9722,0.00195,0.00586,-0.8864,
awd,soc_trang,mild,400.0,TwinGate+T2 vs TwinGate+T2+centre,10,0.0,n/a,n/a,n/a,all-tie
awd,soc_trang,mild,400.0,TwinGate+T2 vs TwinGate+blindARQ,10,0.0,n/a,n/a,n/a,all-tie
awd,soc_trang,mild,400.0,TwinGate+T2 vs Reactive+T2,10,0.0,n/a,n/a,n/a,all-tie
awd,soc_trang,mild,400.0,TwinGate+T2 vs Reactive+blindARQ,10,0.0,0.25000,0.25000,-0.9258,
awd,soc_trang,mild,400.0,TwinGate+T2 vs FixedSchedule,10,-6.1806,0.00195,0.00391,-0.8864,
awd,soc_trang,mild,inf,TwinGate+T2 vs TwinGate+T2+centre,10,0.0,n/a,n/a,n/a,all-tie
awd,soc_trang,mild,inf,TwinGate+T2 vs TwinGate+blindARQ,10,0.0,n/a,n/a,n/a,all-tie
awd,soc_trang,mild,inf,TwinGate+T2 vs Reactive+T2,10,0.0,n/a,n/a,n/a,all-tie
awd,soc_trang,mild,inf,TwinGate+T2 vs Reactive+blindARQ,10,0.0,n/a,n/a,n/a,all-tie
awd,soc_trang,mild,inf,TwinGate+T2 vs FixedSchedule,10,0.0,n/a,n/a,n/a,all-tie
awd,soc_trang,severe,80.0,TwinGate+T2 vs TwinGate+T2+centre,10,-7.8009,0.00195,0.00977,-0.8864,
awd,soc_trang,severe,80.0,TwinGate+T2 vs TwinGate+blindARQ,10,-1.5972,0.01562,0.01562,-0.8944,
awd,soc_trang,severe,80.0,TwinGate+T2 vs Reactive+T2,10,-11.9907,0.00195,0.00977,-0.8864,
awd,soc_trang,severe,80.0,TwinGate+T2 vs Reactive+blindARQ,10,-13.0556,0.00195,0.00977,-0.8864,
awd,soc_trang,severe,80.0,TwinGate+T2 vs FixedSchedule,10,-23.5648,0.00195,0.00977,-0.8864,
awd,soc_trang,severe,160.0,TwinGate+T2 vs TwinGate+T2+centre,10,-1.3194,0.00195,0.00977,-0.8864,
awd,soc_trang,severe,160.0,TwinGate+T2 vs TwinGate+blindARQ,10,0.0,1.00000,1.00000,0.0000,
awd,soc_trang,severe,160.0,TwinGate+T2 vs Reactive+T2,10,-6.5509,0.00195,0.00977,-0.8864,
awd,soc_trang,severe,160.0,TwinGate+T2 vs Reactive+blindARQ,10,-6.713,0.00195,0.00977,-0.8864,
awd,soc_trang,severe,160.0,TwinGate+T2 vs FixedSchedule,10,-25.3241,0.00195,0.00977,-0.8864,
awd,soc_trang,severe,240.0,TwinGate+T2 vs TwinGate+T2+centre,10,0.0,0.50000,1.00000,-0.9487,
awd,soc_trang,severe,240.0,TwinGate+T2 vs TwinGate+blindARQ,10,0.0,0.50000,1.00000,-0.9487,
awd,soc_trang,severe,240.0,TwinGate+T2 vs Reactive+T2,10,-3.0787,0.00781,0.02344,-0.8911,
awd,soc_trang,severe,240.0,TwinGate+T2 vs Reactive+blindARQ,10,-6.6667,0.00195,0.00977,-0.8864,
awd,soc_trang,severe,240.0,TwinGate+T2 vs FixedSchedule,10,-23.9583,0.00195,0.00977,-0.8864,
awd,soc_trang,severe,320.0,TwinGate+T2 vs TwinGate+T2+centre,10,0.0,1.00000,1.00000,-1.0000,
awd,soc_trang,severe,320.0,TwinGate+T2 vs TwinGate+blindARQ,10,0.0,1.00000,1.00000,-1.0000,
awd,soc_trang,severe,320.0,TwinGate+T2 vs Reactive+T2,10,0.0,1.00000,1.00000,-0.3162,
awd,soc_trang,severe,320.0,TwinGate+T2 vs Reactive+blindARQ,10,-0.6019,0.00781,0.03125,-0.8911,
awd,soc_trang,severe,320.0,TwinGate+T2 vs FixedSchedule,10,-11.1574,0.00195,0.00977,-0.8864,
awd,soc_trang,severe,400.0,TwinGate+T2 vs TwinGate+T2+centre,10,0.0,n/a,n/a,n/a,all-tie
awd,soc_trang,severe,400.0,TwinGate+T2 vs TwinGate+blindARQ,10,0.0,n/a,n/a,n/a,all-tie
awd,soc_trang,severe,400.0,TwinGate+T2 vs Reactive+T2,10,0.0,n/a,n/a,n/a,all-tie
awd,soc_trang,severe,400.0,TwinGate+T2 vs Reactive+blindARQ,10,0.0,0.25000,0.25000,-0.9258,
awd,soc_trang,severe,400.0,TwinGate+T2 vs FixedSchedule,10,-6.1806,0.00195,0.00391,-0.8864,
awd,soc_trang,severe,inf,TwinGate+T2 vs TwinGate+T2+centre,10,0.0,n/a,n/a,n/a,all-tie
awd,soc_trang,severe,inf,TwinGate+T2 vs TwinGate+blindARQ,10,0.0,n/a,n/a,n/a,all-tie
awd,soc_trang,severe,inf,TwinGate+T2 vs Reactive+T2,10,0.0,n/a,n/a,n/a,all-tie
awd,soc_trang,severe,inf,TwinGate+T2 vs Reactive+blindARQ,10,0.0,n/a,n/a,n/a,all-tie
awd,soc_trang,severe,inf,TwinGate+T2 vs FixedSchedule,10,0.0,n/a,n/a,n/a,all-tie
mid,ca_mau,mild,80.0,TwinGate+T2 vs TwinGate+T2+centre,10,0.0,n/a,n/a,n/a,all-tie
mid,ca_mau,mild,80.0,TwinGate+T2 vs TwinGate+blindARQ,10,0.0,1.00000,1.00000,-1.0000,
mid,ca_mau,mild,80.0,TwinGate+T2 vs Reactive+T2,10,-3.2407,0.00195,0.00781,-0.8864,
mid,ca_mau,mild,80.0,TwinGate+T2 vs Reactive+blindARQ,10,-3.2407,0.00195,0.00781,-0.8864,
mid,ca_mau,mild,80.0,TwinGate+T2 vs FixedSchedule,10,-10.0463,0.00195,0.00781,-0.8864,
mid,ca_mau,mild,160.0,TwinGate+T2 vs TwinGate+T2+centre,10,0.0,n/a,n/a,n/a,all-tie
mid,ca_mau,mild,160.0,TwinGate+T2 vs TwinGate+blindARQ,10,0.0,n/a,n/a,n/a,all-tie
mid,ca_mau,mild,160.0,TwinGate+T2 vs Reactive+T2,10,0.0,n/a,n/a,n/a,all-tie
mid,ca_mau,mild,160.0,TwinGate+T2 vs Reactive+blindARQ,10,0.0,n/a,n/a,n/a,all-tie
mid,ca_mau,mild,160.0,TwinGate+T2 vs FixedSchedule,10,-2.2222,0.00195,0.00195,-0.8864,
mid,ca_mau,mild,240.0,TwinGate+T2 vs TwinGate+T2+centre,10,0.0,n/a,n/a,n/a,all-tie
mid,ca_mau,mild,240.0,TwinGate+T2 vs TwinGate+blindARQ,10,0.0,n/a,n/a,n/a,all-tie
mid,ca_mau,mild,240.0,TwinGate+T2 vs Reactive+T2,10,0.0,n/a,n/a,n/a,all-tie
mid,ca_mau,mild,240.0,TwinGate+T2 vs Reactive+blindARQ,10,0.0,1.00000,1.00000,-1.0000,
mid,ca_mau,mild,240.0,TwinGate+T2 vs FixedSchedule,10,-5.6944,0.00195,0.00391,-0.8864,
mid,ca_mau,mild,320.0,TwinGate+T2 vs TwinGate+T2+centre,10,0.0,n/a,n/a,n/a,all-tie
mid,ca_mau,mild,320.0,TwinGate+T2 vs TwinGate+blindARQ,10,0.0,n/a,n/a,n/a,all-tie
mid,ca_mau,mild,320.0,TwinGate+T2 vs Reactive+T2,10,0.0,n/a,n/a,n/a,all-tie
mid,ca_mau,mild,320.0,TwinGate+T2 vs Reactive+blindARQ,10,0.0,n/a,n/a,n/a,all-tie
mid,ca_mau,mild,320.0,TwinGate+T2 vs FixedSchedule,10,0.0,0.12500,0.12500,-0.9129,
mid,ca_mau,mild,400.0,TwinGate+T2 vs TwinGate+T2+centre,10,0.0,n/a,n/a,n/a,all-tie
mid,ca_mau,mild,400.0,TwinGate+T2 vs TwinGate+blindARQ,10,0.0,n/a,n/a,n/a,all-tie
mid,ca_mau,mild,400.0,TwinGate+T2 vs Reactive+T2,10,0.0,n/a,n/a,n/a,all-tie
mid,ca_mau,mild,400.0,TwinGate+T2 vs Reactive+blindARQ,10,0.0,n/a,n/a,n/a,all-tie
mid,ca_mau,mild,400.0,TwinGate+T2 vs FixedSchedule,10,0.0,n/a,n/a,n/a,all-tie
mid,ca_mau,mild,inf,TwinGate+T2 vs TwinGate+T2+centre,10,0.0,n/a,n/a,n/a,all-tie
mid,ca_mau,mild,inf,TwinGate+T2 vs TwinGate+blindARQ,10,0.0,n/a,n/a,n/a,all-tie
mid,ca_mau,mild,inf,TwinGate+T2 vs Reactive+T2,10,0.0,n/a,n/a,n/a,all-tie
mid,ca_mau,mild,inf,TwinGate+T2 vs Reactive+blindARQ,10,0.0,n/a,n/a,n/a,all-tie
mid,ca_mau,mild,inf,TwinGate+T2 vs FixedSchedule,10,0.0,n/a,n/a,n/a,all-tie
mid,ca_mau,severe,80.0,TwinGate+T2 vs TwinGate+T2+centre,10,0.0,1.00000,1.00000,-1.0000,
mid,ca_mau,severe,80.0,TwinGate+T2 vs TwinGate+blindARQ,10,0.0,1.00000,1.00000,-1.0000,
mid,ca_mau,severe,80.0,TwinGate+T2 vs Reactive+T2,10,-2.7083,0.00391,0.01172,-0.8885,
mid,ca_mau,severe,80.0,TwinGate+T2 vs Reactive+blindARQ,10,-3.2407,0.00195,0.00977,-0.8864,
mid,ca_mau,severe,80.0,TwinGate+T2 vs FixedSchedule,10,-10.0463,0.00195,0.00977,-0.8864,
mid,ca_mau,severe,160.0,TwinGate+T2 vs TwinGate+T2+centre,10,0.0,n/a,n/a,n/a,all-tie
mid,ca_mau,severe,160.0,TwinGate+T2 vs TwinGate+blindARQ,10,0.0,n/a,n/a,n/a,all-tie
mid,ca_mau,severe,160.0,TwinGate+T2 vs Reactive+T2,10,0.0,n/a,n/a,n/a,all-tie
mid,ca_mau,severe,160.0,TwinGate+T2 vs Reactive+blindARQ,10,0.0,n/a,n/a,n/a,all-tie
mid,ca_mau,severe,160.0,TwinGate+T2 vs FixedSchedule,10,-5.7176,0.00195,0.00195,-0.8864,
mid,ca_mau,severe,240.0,TwinGate+T2 vs TwinGate+T2+centre,10,0.0,n/a,n/a,n/a,all-tie
mid,ca_mau,severe,240.0,TwinGate+T2 vs TwinGate+blindARQ,10,0.0,n/a,n/a,n/a,all-tie
mid,ca_mau,severe,240.0,TwinGate+T2 vs Reactive+T2,10,0.0,n/a,n/a,n/a,all-tie
mid,ca_mau,severe,240.0,TwinGate+T2 vs Reactive+blindARQ,10,0.0,1.00000,1.00000,-1.0000,
mid,ca_mau,severe,240.0,TwinGate+T2 vs FixedSchedule,10,-5.6713,0.00195,0.00391,-0.8864,
mid,ca_mau,severe,320.0,TwinGate+T2 vs TwinGate+T2+centre,10,0.0,n/a,n/a,n/a,all-tie
mid,ca_mau,severe,320.0,TwinGate+T2 vs TwinGate+blindARQ,10,0.0,n/a,n/a,n/a,all-tie
mid,ca_mau,severe,320.0,TwinGate+T2 vs Reactive+T2,10,0.0,n/a,n/a,n/a,all-tie
mid,ca_mau,severe,320.0,TwinGate+T2 vs Reactive+blindARQ,10,0.0,n/a,n/a,n/a,all-tie
mid,ca_mau,severe,320.0,TwinGate+T2 vs FixedSchedule,10,0.0,0.12500,0.12500,-0.9129,
mid,ca_mau,severe,400.0,TwinGate+T2 vs TwinGate+T2+centre,10,0.0,n/a,n/a,n/a,all-tie
mid,ca_mau,severe,400.0,TwinGate+T2 vs TwinGate+blindARQ,10,0.0,n/a,n/a,n/a,all-tie
mid,ca_mau,severe,400.0,TwinGate+T2 vs Reactive+T2,10,0.0,n/a,n/a,n/a,all-tie
mid,ca_mau,severe,400.0,TwinGate+T2 vs Reactive+blindARQ,10,0.0,n/a,n/a,n/a,all-tie
mid,ca_mau,severe,400.0,TwinGate+T2 vs FixedSchedule,10,0.0,1.00000,1.00000,-1.0000,
mid,ca_mau,severe,inf,TwinGate+T2 vs TwinGate+T2+centre,10,0.0,n/a,n/a,n/a,all-tie
mid,ca_mau,severe,inf,TwinGate+T2 vs TwinGate+blindARQ,10,0.0,n/a,n/a,n/a,all-tie
mid,ca_mau,severe,inf,TwinGate+T2 vs Reactive+T2,10,0.0,n/a,n/a,n/a,all-tie
mid,ca_mau,severe,inf,TwinGate+T2 vs Reactive+blindARQ,10,0.0,n/a,n/a,n/a,all-tie
mid,ca_mau,severe,inf,TwinGate+T2 vs FixedSchedule,10,0.0,n/a,n/a,n/a,all-tie
mid,can_tho,mild,80.0,TwinGate+T2 vs TwinGate+T2+centre,10,-1.25,0.00195,0.00977,-0.8864,
mid,can_tho,mild,80.0,TwinGate+T2 vs TwinGate+blindARQ,10,-0.2315,0.00781,0.00977,-0.8911,
mid,can_tho,mild,80.0,TwinGate+T2 vs Reactive+T2,10,-6.9907,0.00195,0.00977,-0.8864,
mid,can_tho,mild,80.0,TwinGate+T2 vs Reactive+blindARQ,10,-6.9907,0.00195,0.00977,-0.8864,
mid,can_tho,mild,80.0,TwinGate+T2 vs FixedSchedule,10,-17.2222,0.00195,0.00977,-0.8864,
mid,can_tho,mild,160.0,TwinGate+T2 vs TwinGate+T2+centre,10,0.0,n/a,n/a,n/a,all-tie
mid,can_tho,mild,160.0,TwinGate+T2 vs TwinGate+blindARQ,10,0.0,n/a,n/a,n/a,all-tie
mid,can_tho,mild,160.0,TwinGate+T2 vs Reactive+T2,10,-0.0926,0.00195,0.00586,-0.8864,
mid,can_tho,mild,160.0,TwinGate+T2 vs Reactive+blindARQ,10,-0.0926,0.00195,0.00586,-0.8864,
mid,can_tho,mild,160.0,TwinGate+T2 vs FixedSchedule,10,-9.9537,0.00195,0.00586,-0.8864,
mid,can_tho,mild,240.0,TwinGate+T2 vs TwinGate+T2+centre,10,0.0,n/a,n/a,n/a,all-tie
mid,can_tho,mild,240.0,TwinGate+T2 vs TwinGate+blindARQ,10,0.0,n/a,n/a,n/a,all-tie
mid,can_tho,mild,240.0,TwinGate+T2 vs Reactive+T2,10,-0.0926,0.01562,0.01562,-0.8944,
mid,can_tho,mild,240.0,TwinGate+T2 vs Reactive+blindARQ,10,-0.0926,0.00781,0.01562,-0.8911,
mid,can_tho,mild,240.0,TwinGate+T2 vs FixedSchedule,10,-13.7037,0.00195,0.00586,-0.8864,
mid,can_tho,mild,320.0,TwinGate+T2 vs TwinGate+T2+centre,10,0.0,n/a,n/a,n/a,all-tie
mid,can_tho,mild,320.0,TwinGate+T2 vs TwinGate+blindARQ,10,0.0,n/a,n/a,n/a,all-tie
mid,can_tho,mild,320.0,TwinGate+T2 vs Reactive+T2,10,0.0,n/a,n/a,n/a,all-tie
mid,can_tho,mild,320.0,TwinGate+T2 vs Reactive+blindARQ,10,0.0,1.00000,1.00000,-1.0000,
mid,can_tho,mild,320.0,TwinGate+T2 vs FixedSchedule,10,-3.1481,0.00195,0.00391,-0.8864,
mid,can_tho,mild,400.0,TwinGate+T2 vs TwinGate+T2+centre,10,0.0,n/a,n/a,n/a,all-tie
mid,can_tho,mild,400.0,TwinGate+T2 vs TwinGate+blindARQ,10,0.0,n/a,n/a,n/a,all-tie
mid,can_tho,mild,400.0,TwinGate+T2 vs Reactive+T2,10,0.0,n/a,n/a,n/a,all-tie
mid,can_tho,mild,400.0,TwinGate+T2 vs Reactive+blindARQ,10,0.0,n/a,n/a,n/a,all-tie
mid,can_tho,mild,400.0,TwinGate+T2 vs FixedSchedule,10,-0.1389,0.06250,0.06250,-0.9045,
mid,can_tho,mild,inf,TwinGate+T2 vs TwinGate+T2+centre,10,0.0,n/a,n/a,n/a,all-tie
mid,can_tho,mild,inf,TwinGate+T2 vs TwinGate+blindARQ,10,0.0,n/a,n/a,n/a,all-tie
mid,can_tho,mild,inf,TwinGate+T2 vs Reactive+T2,10,0.0,n/a,n/a,n/a,all-tie
mid,can_tho,mild,inf,TwinGate+T2 vs Reactive+blindARQ,10,0.0,n/a,n/a,n/a,all-tie
mid,can_tho,mild,inf,TwinGate+T2 vs FixedSchedule,10,0.0,n/a,n/a,n/a,all-tie
mid,can_tho,severe,80.0,TwinGate+T2 vs TwinGate+T2+centre,10,-1.2269,0.08398,0.08398,-0.5641,
mid,can_tho,severe,80.0,TwinGate+T2 vs TwinGate+blindARQ,10,-0.3241,0.01562,0.03125,-0.8944,
mid,can_tho,severe,80.0,TwinGate+T2 vs Reactive+T2,10,-6.875,0.00586,0.01758,-0.8219,
mid,can_tho,severe,80.0,TwinGate+T2 vs Reactive+blindARQ,10,-7.0139,0.00391,0.01562,-0.8542,
mid,can_tho,severe,80.0,TwinGate+T2 vs FixedSchedule,10,-17.1296,0.00195,0.00977,-0.8864,
mid,can_tho,severe,160.0,TwinGate+T2 vs TwinGate+T2+centre,10,0.0,n/a,n/a,n/a,all-tie
mid,can_tho,severe,160.0,TwinGate+T2 vs TwinGate+blindARQ,10,0.0,n/a,n/a,n/a,all-tie
mid,can_tho,severe,160.0,TwinGate+T2 vs Reactive+T2,10,-0.0926,0.01562,0.01562,-0.8944,
mid,can_tho,severe,160.0,TwinGate+T2 vs Reactive+blindARQ,10,-0.0926,0.00195,0.00586,-0.8864,
mid,can_tho,severe,160.0,TwinGate+T2 vs FixedSchedule,10,-16.5278,0.00195,0.00586,-0.8864,
mid,can_tho,severe,240.0,TwinGate+T2 vs TwinGate+T2+centre,10,0.0,n/a,n/a,n/a,all-tie
mid,can_tho,severe,240.0,TwinGate+T2 vs TwinGate+blindARQ,10,0.0,n/a,n/a,n/a,all-tie
mid,can_tho,severe,240.0,TwinGate+T2 vs Reactive+T2,10,0.0,0.25000,0.25000,-0.9258,
mid,can_tho,severe,240.0,TwinGate+T2 vs Reactive+blindARQ,10,-0.0926,0.00781,0.01562,-0.8911,
mid,can_tho,severe,240.0,TwinGate+T2 vs FixedSchedule,10,-13.7037,0.00195,0.00586,-0.8864,
mid,can_tho,severe,320.0,TwinGate+T2 vs TwinGate+T2+centre,10,0.0,n/a,n/a,n/a,all-tie
mid,can_tho,severe,320.0,TwinGate+T2 vs TwinGate+blindARQ,10,0.0,n/a,n/a,n/a,all-tie
mid,can_tho,severe,320.0,TwinGate+T2 vs Reactive+T2,10,0.0,n/a,n/a,n/a,all-tie
mid,can_tho,severe,320.0,TwinGate+T2 vs Reactive+blindARQ,10,0.0,1.00000,1.00000,-1.0000,
mid,can_tho,severe,320.0,TwinGate+T2 vs FixedSchedule,10,-3.7037,0.00195,0.00391,-0.8864,
mid,can_tho,severe,400.0,TwinGate+T2 vs TwinGate+T2+centre,10,0.0,n/a,n/a,n/a,all-tie
mid,can_tho,severe,400.0,TwinGate+T2 vs TwinGate+blindARQ,10,0.0,n/a,n/a,n/a,all-tie
mid,can_tho,severe,400.0,TwinGate+T2 vs Reactive+T2,10,0.0,n/a,n/a,n/a,all-tie
mid,can_tho,severe,400.0,TwinGate+T2 vs Reactive+blindARQ,10,0.0,n/a,n/a,n/a,all-tie
mid,can_tho,severe,400.0,TwinGate+T2 vs FixedSchedule,10,-0.1389,0.06250,0.06250,-0.9045,
mid,can_tho,severe,inf,TwinGate+T2 vs TwinGate+T2+centre,10,0.0,n/a,n/a,n/a,all-tie
mid,can_tho,severe,inf,TwinGate+T2 vs TwinGate+blindARQ,10,0.0,n/a,n/a,n/a,all-tie
mid,can_tho,severe,inf,TwinGate+T2 vs Reactive+T2,10,0.0,n/a,n/a,n/a,all-tie
mid,can_tho,severe,inf,TwinGate+T2 vs Reactive+blindARQ,10,0.0,n/a,n/a,n/a,all-tie
mid,can_tho,severe,inf,TwinGate+T2 vs FixedSchedule,10,0.0,n/a,n/a,n/a,all-tie
mid,soc_trang,mild,80.0,TwinGate+T2 vs TwinGate+T2+centre,10,-3.8889,0.00195,0.00977,-0.8864,
mid,soc_trang,mild,80.0,TwinGate+T2 vs TwinGate+blindARQ,10,-0.625,0.01562,0.01562,-0.8944,
mid,soc_trang,mild,80.0,TwinGate+T2 vs Reactive+T2,10,-8.6574,0.00195,0.00977,-0.8864,
mid,soc_trang,mild,80.0,TwinGate+T2 vs Reactive+blindARQ,10,-8.6574,0.00195,0.00977,-0.8864,
mid,soc_trang,mild,80.0,TwinGate+T2 vs FixedSchedule,10,-19.1667,0.00195,0.00977,-0.8864,
mid,soc_trang,mild,160.0,TwinGate+T2 vs TwinGate+T2+centre,10,-1.4815,0.00195,0.00977,-0.8864,
mid,soc_trang,mild,160.0,TwinGate+T2 vs TwinGate+blindARQ,10,-0.6944,0.01562,0.01562,-0.8944,
mid,soc_trang,mild,160.0,TwinGate+T2 vs Reactive+T2,10,-6.713,0.00195,0.00977,-0.8864,
mid,soc_trang,mild,160.0,TwinGate+T2 vs Reactive+blindARQ,10,-6.713,0.00195,0.00977,-0.8864,
mid,soc_trang,mild,160.0,TwinGate+T2 vs FixedSchedule,10,-18.6574,0.00195,0.00977,-0.8864,
mid,soc_trang,mild,240.0,TwinGate+T2 vs TwinGate+T2+centre,10,0.0,n/a,n/a,n/a,all-tie
mid,soc_trang,mild,240.0,TwinGate+T2 vs TwinGate+blindARQ,10,0.0,1.00000,1.00000,-1.0000,
mid,soc_trang,mild,240.0,TwinGate+T2 vs Reactive+T2,10,-6.6667,0.00195,0.00781,-0.8864,
mid,soc_trang,mild,240.0,TwinGate+T2 vs Reactive+blindARQ,10,-6.6667,0.00195,0.00781,-0.8864,
mid,soc_trang,mild,240.0,TwinGate+T2 vs FixedSchedule,10,-23.9815,0.00195,0.00781,-0.8864,
mid,soc_trang,mild,320.0,TwinGate+T2 vs TwinGate+T2+centre,10,0.0,n/a,n/a,n/a,all-tie
mid,soc_trang,mild,320.0,TwinGate+T2 vs TwinGate+blindARQ,10,0.0,n/a,n/a,n/a,all-tie
mid,soc_trang,mild,320.0,TwinGate+T2 vs Reactive+T2,10,-0.5787,0.03125,0.03125,-0.8987,
mid,soc_trang,mild,320.0,TwinGate+T2 vs Reactive+blindARQ,10,-0.6019,0.00781,0.01562,-0.8911,
mid,soc_trang,mild,320.0,TwinGate+T2 vs FixedSchedule,10,-10.9722,0.00195,0.00586,-0.8864,
mid,soc_trang,mild,400.0,TwinGate+T2 vs TwinGate+T2+centre,10,0.0,n/a,n/a,n/a,all-tie
mid,soc_trang,mild,400.0,TwinGate+T2 vs TwinGate+blindARQ,10,0.0,n/a,n/a,n/a,all-tie
mid,soc_trang,mild,400.0,TwinGate+T2 vs Reactive+T2,10,0.0,n/a,n/a,n/a,all-tie
mid,soc_trang,mild,400.0,TwinGate+T2 vs Reactive+blindARQ,10,0.0,0.25000,0.25000,-0.9258,
mid,soc_trang,mild,400.0,TwinGate+T2 vs FixedSchedule,10,-6.1806,0.00195,0.00391,-0.8864,
mid,soc_trang,mild,inf,TwinGate+T2 vs TwinGate+T2+centre,10,0.0,n/a,n/a,n/a,all-tie
mid,soc_trang,mild,inf,TwinGate+T2 vs TwinGate+blindARQ,10,0.0,n/a,n/a,n/a,all-tie
mid,soc_trang,mild,inf,TwinGate+T2 vs Reactive+T2,10,0.0,n/a,n/a,n/a,all-tie
mid,soc_trang,mild,inf,TwinGate+T2 vs Reactive+blindARQ,10,0.0,n/a,n/a,n/a,all-tie
mid,soc_trang,mild,inf,TwinGate+T2 vs FixedSchedule,10,0.0,n/a,n/a,n/a,all-tie
mid,soc_trang,severe,80.0,TwinGate+T2 vs TwinGate+T2+centre,10,-2.7778,0.06445,0.06445,-0.5963,
mid,soc_trang,severe,80.0,TwinGate+T2 vs TwinGate+blindARQ,10,-0.2083,0.00781,0.01758,-0.8911,
mid,soc_trang,severe,80.0,TwinGate+T2 vs Reactive+T2,10,-8.4491,0.00586,0.01758,-0.8219,
mid,soc_trang,severe,80.0,TwinGate+T2 vs Reactive+blindARQ,10,-8.6574,0.00391,0.01562,-0.8542,
mid,soc_trang,severe,80.0,TwinGate+T2 vs FixedSchedule,10,-19.1667,0.00195,0.00977,-0.8864,
mid,soc_trang,severe,160.0,TwinGate+T2 vs TwinGate+T2+centre,10,-1.2963,0.04492,0.06250,-0.6285,
mid,soc_trang,severe,160.0,TwinGate+T2 vs TwinGate+blindARQ,10,-0.463,0.03125,0.06250,-0.8987,
mid,soc_trang,severe,160.0,TwinGate+T2 vs Reactive+T2,10,-5.9491,0.00195,0.00977,-0.8864,
mid,soc_trang,severe,160.0,TwinGate+T2 vs Reactive+blindARQ,10,-6.713,0.00195,0.00977,-0.8864,
mid,soc_trang,severe,160.0,TwinGate+T2 vs FixedSchedule,10,-22.7315,0.00195,0.00977,-0.8864,
mid,soc_trang,severe,240.0,TwinGate+T2 vs TwinGate+T2+centre,10,0.0,n/a,n/a,n/a,all-tie
mid,soc_trang,severe,240.0,TwinGate+T2 vs TwinGate+blindARQ,10,0.0,1.00000,1.00000,-1.0000,
mid,soc_trang,severe,240.0,TwinGate+T2 vs Reactive+T2,10,-3.0787,0.00781,0.01562,-0.8911,
mid,soc_trang,severe,240.0,TwinGate+T2 vs Reactive+blindARQ,10,-6.6667,0.00195,0.00781,-0.8864,
mid,soc_trang,severe,240.0,TwinGate+T2 vs FixedSchedule,10,-23.9815,0.00195,0.00781,-0.8864,
mid,soc_trang,severe,320.0,TwinGate+T2 vs TwinGate+T2+centre,10,0.0,n/a,n/a,n/a,all-tie
mid,soc_trang,severe,320.0,TwinGate+T2 vs TwinGate+blindARQ,10,0.0,n/a,n/a,n/a,all-tie
mid,soc_trang,severe,320.0,TwinGate+T2 vs Reactive+T2,10,0.0,1.00000,1.00000,-1.0000,
mid,soc_trang,severe,320.0,TwinGate+T2 vs Reactive+blindARQ,10,-0.6019,0.00781,0.01562,-0.8911,
mid,soc_trang,severe,320.0,TwinGate+T2 vs FixedSchedule,10,-11.1574,0.00195,0.00586,-0.8864,
mid,soc_trang,severe,400.0,TwinGate+T2 vs TwinGate+T2+centre,10,0.0,n/a,n/a,n/a,all-tie
mid,soc_trang,severe,400.0,TwinGate+T2 vs TwinGate+blindARQ,10,0.0,n/a,n/a,n/a,all-tie
mid,soc_trang,severe,400.0,TwinGate+T2 vs Reactive+T2,10,0.0,n/a,n/a,n/a,all-tie
mid,soc_trang,severe,400.0,TwinGate+T2 vs Reactive+blindARQ,10,0.0,0.25000,0.25000,-0.9258,
mid,soc_trang,severe,400.0,TwinGate+T2 vs FixedSchedule,10,-6.1806,0.00195,0.00391,-0.8864,
mid,soc_trang,severe,inf,TwinGate+T2 vs TwinGate+T2+centre,10,0.0,n/a,n/a,n/a,all-tie
mid,soc_trang,severe,inf,TwinGate+T2 vs TwinGate+blindARQ,10,0.0,n/a,n/a,n/a,all-tie
mid,soc_trang,severe,inf,TwinGate+T2 vs Reactive+T2,10,0.0,n/a,n/a,n/a,all-tie
mid,soc_trang,severe,inf,TwinGate+T2 vs Reactive+blindARQ,10,0.0,n/a,n/a,n/a,all-tie
mid,soc_trang,severe,inf,TwinGate+T2 vs FixedSchedule,10,0.0,n/a,n/a,n/a,all-tie
narrow,ca_mau,mild,80.0,TwinGate+T2 vs TwinGate+T2+centre,10,0.0,n/a,n/a,n/a,all-tie
narrow,ca_mau,mild,80.0,TwinGate+T2 vs TwinGate+blindARQ,10,0.0,0.25000,0.25000,-0.9258,
narrow,ca_mau,mild,80.0,TwinGate+T2 vs Reactive+T2,10,-3.2407,0.00195,0.00781,-0.8864,
narrow,ca_mau,mild,80.0,TwinGate+T2 vs Reactive+blindARQ,10,-3.2407,0.00195,0.00781,-0.8864,
narrow,ca_mau,mild,80.0,TwinGate+T2 vs FixedSchedule,10,-10.0463,0.00195,0.00781,-0.8864,
narrow,ca_mau,mild,160.0,TwinGate+T2 vs TwinGate+T2+centre,10,0.0,n/a,n/a,n/a,all-tie
narrow,ca_mau,mild,160.0,TwinGate+T2 vs TwinGate+blindARQ,10,0.0,n/a,n/a,n/a,all-tie
narrow,ca_mau,mild,160.0,TwinGate+T2 vs Reactive+T2,10,0.0,n/a,n/a,n/a,all-tie
narrow,ca_mau,mild,160.0,TwinGate+T2 vs Reactive+blindARQ,10,0.0,n/a,n/a,n/a,all-tie
narrow,ca_mau,mild,160.0,TwinGate+T2 vs FixedSchedule,10,-2.2222,0.00195,0.00195,-0.8864,
narrow,ca_mau,mild,240.0,TwinGate+T2 vs TwinGate+T2+centre,10,0.0,n/a,n/a,n/a,all-tie
narrow,ca_mau,mild,240.0,TwinGate+T2 vs TwinGate+blindARQ,10,0.0,n/a,n/a,n/a,all-tie
narrow,ca_mau,mild,240.0,TwinGate+T2 vs Reactive+T2,10,0.0,n/a,n/a,n/a,all-tie
narrow,ca_mau,mild,240.0,TwinGate+T2 vs Reactive+blindARQ,10,0.0,1.00000,1.00000,-1.0000,
narrow,ca_mau,mild,240.0,TwinGate+T2 vs FixedSchedule,10,-5.6944,0.00195,0.00391,-0.8864,
narrow,ca_mau,mild,320.0,TwinGate+T2 vs TwinGate+T2+centre,10,0.0,n/a,n/a,n/a,all-tie
narrow,ca_mau,mild,320.0,TwinGate+T2 vs TwinGate+blindARQ,10,0.0,n/a,n/a,n/a,all-tie
narrow,ca_mau,mild,320.0,TwinGate+T2 vs Reactive+T2,10,0.0,n/a,n/a,n/a,all-tie
narrow,ca_mau,mild,320.0,TwinGate+T2 vs Reactive+blindARQ,10,0.0,n/a,n/a,n/a,all-tie
narrow,ca_mau,mild,320.0,TwinGate+T2 vs FixedSchedule,10,0.0,0.12500,0.12500,-0.9129,
narrow,ca_mau,mild,400.0,TwinGate+T2 vs TwinGate+T2+centre,10,0.0,n/a,n/a,n/a,all-tie
narrow,ca_mau,mild,400.0,TwinGate+T2 vs TwinGate+blindARQ,10,0.0,n/a,n/a,n/a,all-tie
narrow,ca_mau,mild,400.0,TwinGate+T2 vs Reactive+T2,10,0.0,n/a,n/a,n/a,all-tie
narrow,ca_mau,mild,400.0,TwinGate+T2 vs Reactive+blindARQ,10,0.0,n/a,n/a,n/a,all-tie
narrow,ca_mau,mild,400.0,TwinGate+T2 vs FixedSchedule,10,0.0,n/a,n/a,n/a,all-tie
narrow,ca_mau,mild,inf,TwinGate+T2 vs TwinGate+T2+centre,10,0.0,n/a,n/a,n/a,all-tie
narrow,ca_mau,mild,inf,TwinGate+T2 vs TwinGate+blindARQ,10,0.0,n/a,n/a,n/a,all-tie
narrow,ca_mau,mild,inf,TwinGate+T2 vs Reactive+T2,10,0.0,n/a,n/a,n/a,all-tie
narrow,ca_mau,mild,inf,TwinGate+T2 vs Reactive+blindARQ,10,0.0,n/a,n/a,n/a,all-tie
narrow,ca_mau,mild,inf,TwinGate+T2 vs FixedSchedule,10,0.0,n/a,n/a,n/a,all-tie
narrow,ca_mau,severe,80.0,TwinGate+T2 vs TwinGate+T2+centre,10,0.0,n/a,n/a,n/a,all-tie
narrow,ca_mau,severe,80.0,TwinGate+T2 vs TwinGate+blindARQ,10,0.0,0.50000,0.50000,-0.9487,
narrow,ca_mau,severe,80.0,TwinGate+T2 vs Reactive+T2,10,-2.2917,0.01172,0.02344,-0.8095,
narrow,ca_mau,severe,80.0,TwinGate+T2 vs Reactive+blindARQ,10,-3.2407,0.00391,0.01172,-0.8542,
narrow,ca_mau,severe,80.0,TwinGate+T2 vs FixedSchedule,10,-10.0463,0.00195,0.00781,-0.8864,
narrow,ca_mau,severe,160.0,TwinGate+T2 vs TwinGate+T2+centre,10,0.0,n/a,n/a,n/a,all-tie
narrow,ca_mau,severe,160.0,TwinGate+T2 vs TwinGate+blindARQ,10,0.0,n/a,n/a,n/a,all-tie
narrow,ca_mau,severe,160.0,TwinGate+T2 vs Reactive+T2,10,0.0,n/a,n/a,n/a,all-tie
narrow,ca_mau,severe,160.0,TwinGate+T2 vs Reactive+blindARQ,10,0.0,n/a,n/a,n/a,all-tie
narrow,ca_mau,severe,160.0,TwinGate+T2 vs FixedSchedule,10,-5.7176,0.00195,0.00195,-0.8864,
narrow,ca_mau,severe,240.0,TwinGate+T2 vs TwinGate+T2+centre,10,0.0,n/a,n/a,n/a,all-tie
narrow,ca_mau,severe,240.0,TwinGate+T2 vs TwinGate+blindARQ,10,0.0,n/a,n/a,n/a,all-tie
narrow,ca_mau,severe,240.0,TwinGate+T2 vs Reactive+T2,10,0.0,n/a,n/a,n/a,all-tie
narrow,ca_mau,severe,240.0,TwinGate+T2 vs Reactive+blindARQ,10,0.0,1.00000,1.00000,-1.0000,
narrow,ca_mau,severe,240.0,TwinGate+T2 vs FixedSchedule,10,-5.6713,0.00195,0.00391,-0.8864,
narrow,ca_mau,severe,320.0,TwinGate+T2 vs TwinGate+T2+centre,10,0.0,n/a,n/a,n/a,all-tie
narrow,ca_mau,severe,320.0,TwinGate+T2 vs TwinGate+blindARQ,10,0.0,n/a,n/a,n/a,all-tie
narrow,ca_mau,severe,320.0,TwinGate+T2 vs Reactive+T2,10,0.0,n/a,n/a,n/a,all-tie
narrow,ca_mau,severe,320.0,TwinGate+T2 vs Reactive+blindARQ,10,0.0,n/a,n/a,n/a,all-tie
narrow,ca_mau,severe,320.0,TwinGate+T2 vs FixedSchedule,10,0.0,0.12500,0.12500,-0.9129,
narrow,ca_mau,severe,400.0,TwinGate+T2 vs TwinGate+T2+centre,10,0.0,n/a,n/a,n/a,all-tie
narrow,ca_mau,severe,400.0,TwinGate+T2 vs TwinGate+blindARQ,10,0.0,n/a,n/a,n/a,all-tie
narrow,ca_mau,severe,400.0,TwinGate+T2 vs Reactive+T2,10,0.0,n/a,n/a,n/a,all-tie
narrow,ca_mau,severe,400.0,TwinGate+T2 vs Reactive+blindARQ,10,0.0,n/a,n/a,n/a,all-tie
narrow,ca_mau,severe,400.0,TwinGate+T2 vs FixedSchedule,10,0.0,1.00000,1.00000,-1.0000,
narrow,ca_mau,severe,inf,TwinGate+T2 vs TwinGate+T2+centre,10,0.0,n/a,n/a,n/a,all-tie
narrow,ca_mau,severe,inf,TwinGate+T2 vs TwinGate+blindARQ,10,0.0,n/a,n/a,n/a,all-tie
narrow,ca_mau,severe,inf,TwinGate+T2 vs Reactive+T2,10,0.0,n/a,n/a,n/a,all-tie
narrow,ca_mau,severe,inf,TwinGate+T2 vs Reactive+blindARQ,10,0.0,n/a,n/a,n/a,all-tie
narrow,ca_mau,severe,inf,TwinGate+T2 vs FixedSchedule,10,0.0,n/a,n/a,n/a,all-tie
narrow,can_tho,mild,80.0,TwinGate+T2 vs TwinGate+T2+centre,10,0.0,n/a,n/a,n/a,all-tie
narrow,can_tho,mild,80.0,TwinGate+T2 vs TwinGate+blindARQ,10,0.0,0.12500,0.12500,-0.9129,
narrow,can_tho,mild,80.0,TwinGate+T2 vs Reactive+T2,10,-5.9259,0.00195,0.00781,-0.8864,
narrow,can_tho,mild,80.0,TwinGate+T2 vs Reactive+blindARQ,10,-5.9259,0.00195,0.00781,-0.8864,
narrow,can_tho,mild,80.0,TwinGate+T2 vs FixedSchedule,10,-16.1574,0.00195,0.00781,-0.8864,
narrow,can_tho,mild,160.0,TwinGate+T2 vs TwinGate+T2+centre,10,0.0,n/a,n/a,n/a,all-tie
narrow,can_tho,mild,160.0,TwinGate+T2 vs TwinGate+blindARQ,10,0.0,0.50000,0.50000,-0.9487,
narrow,can_tho,mild,160.0,TwinGate+T2 vs Reactive+T2,10,-0.0926,0.00195,0.00781,-0.8864,
narrow,can_tho,mild,160.0,TwinGate+T2 vs Reactive+blindARQ,10,-0.0926,0.00195,0.00781,-0.8864,
narrow,can_tho,mild,160.0,TwinGate+T2 vs FixedSchedule,10,-9.9537,0.00195,0.00781,-0.8864,
narrow,can_tho,mild,240.0,TwinGate+T2 vs TwinGate+T2+centre,10,0.0,n/a,n/a,n/a,all-tie
narrow,can_tho,mild,240.0,TwinGate+T2 vs TwinGate+blindARQ,10,0.0,n/a,n/a,n/a,all-tie
narrow,can_tho,mild,240.0,TwinGate+T2 vs Reactive+T2,10,-0.0926,0.01562,0.01562,-0.8944,
narrow,can_tho,mild,240.0,TwinGate+T2 vs Reactive+blindARQ,10,-0.0926,0.00781,0.01562,-0.8911,
narrow,can_tho,mild,240.0,TwinGate+T2 vs FixedSchedule,10,-13.7037,0.00195,0.00586,-0.8864,
narrow,can_tho,mild,320.0,TwinGate+T2 vs TwinGate+T2+centre,10,0.0,n/a,n/a,n/a,all-tie
narrow,can_tho,mild,320.0,TwinGate+T2 vs TwinGate+blindARQ,10,0.0,n/a,n/a,n/a,all-tie
narrow,can_tho,mild,320.0,TwinGate+T2 vs Reactive+T2,10,0.0,n/a,n/a,n/a,all-tie
narrow,can_tho,mild,320.0,TwinGate+T2 vs Reactive+blindARQ,10,0.0,1.00000,1.00000,-1.0000,
narrow,can_tho,mild,320.0,TwinGate+T2 vs FixedSchedule,10,-3.1481,0.00195,0.00391,-0.8864,
narrow,can_tho,mild,400.0,TwinGate+T2 vs TwinGate+T2+centre,10,0.0,n/a,n/a,n/a,all-tie
narrow,can_tho,mild,400.0,TwinGate+T2 vs TwinGate+blindARQ,10,0.0,n/a,n/a,n/a,all-tie
narrow,can_tho,mild,400.0,TwinGate+T2 vs Reactive+T2,10,0.0,n/a,n/a,n/a,all-tie
narrow,can_tho,mild,400.0,TwinGate+T2 vs Reactive+blindARQ,10,0.0,n/a,n/a,n/a,all-tie
narrow,can_tho,mild,400.0,TwinGate+T2 vs FixedSchedule,10,-0.1389,0.06250,0.06250,-0.9045,
narrow,can_tho,mild,inf,TwinGate+T2 vs TwinGate+T2+centre,10,0.0,n/a,n/a,n/a,all-tie
narrow,can_tho,mild,inf,TwinGate+T2 vs TwinGate+blindARQ,10,0.0,n/a,n/a,n/a,all-tie
narrow,can_tho,mild,inf,TwinGate+T2 vs Reactive+T2,10,0.0,n/a,n/a,n/a,all-tie
narrow,can_tho,mild,inf,TwinGate+T2 vs Reactive+blindARQ,10,0.0,n/a,n/a,n/a,all-tie
narrow,can_tho,mild,inf,TwinGate+T2 vs FixedSchedule,10,0.0,n/a,n/a,n/a,all-tie
narrow,can_tho,severe,80.0,TwinGate+T2 vs TwinGate+T2+centre,10,0.0,n/a,n/a,n/a,all-tie
narrow,can_tho,severe,80.0,TwinGate+T2 vs TwinGate+blindARQ,10,-0.6481,0.12891,0.12891,-0.5331,
narrow,can_tho,severe,80.0,TwinGate+T2 vs Reactive+T2,10,-6.4815,0.01953,0.03906,-0.7252,
narrow,can_tho,severe,80.0,TwinGate+T2 vs Reactive+blindARQ,10,-6.7361,0.00586,0.01758,-0.8219,
narrow,can_tho,severe,80.0,TwinGate+T2 vs FixedSchedule,10,-16.875,0.00195,0.00781,-0.8864,
narrow,can_tho,severe,160.0,TwinGate+T2 vs TwinGate+T2+centre,10,0.0,n/a,n/a,n/a,all-tie
narrow,can_tho,severe,160.0,TwinGate+T2 vs TwinGate+blindARQ,10,0.0,1.00000,1.00000,0.0000,
narrow,can_tho,severe,160.0,TwinGate+T2 vs Reactive+T2,10,-0.0926,0.23438,0.46875,-0.4951,
narrow,can_tho,severe,160.0,TwinGate+T2 vs Reactive+blindARQ,10,-0.0926,0.05078,0.15234,-0.5641,
narrow,can_tho,severe,160.0,TwinGate+T2 vs FixedSchedule,10,-13.2407,0.00195,0.00781,-0.8864,
narrow,can_tho,severe,240.0,TwinGate+T2 vs TwinGate+T2+centre,10,0.0,n/a,n/a,n/a,all-tie
narrow,can_tho,severe,240.0,TwinGate+T2 vs TwinGate+blindARQ,10,0.0,1.00000,1.00000,-1.0000,
narrow,can_tho,severe,240.0,TwinGate+T2 vs Reactive+T2,10,0.0,0.87500,1.00000,-0.1826,
narrow,can_tho,severe,240.0,TwinGate+T2 vs Reactive+blindARQ,10,-0.0926,0.09375,0.28125,-0.6436,
narrow,can_tho,severe,240.0,TwinGate+T2 vs FixedSchedule,10,-13.6806,0.00195,0.00781,-0.8864,
narrow,can_tho,severe,320.0,TwinGate+T2 vs TwinGate+T2+centre,10,0.0,n/a,n/a,n/a,all-tie
narrow,can_tho,severe,320.0,TwinGate+T2 vs TwinGate+blindARQ,10,0.0,1.00000,1.00000,-1.0000,
narrow,can_tho,severe,320.0,TwinGate+T2 vs Reactive+T2,10,0.0,1.00000,1.00000,-1.0000,
narrow,can_tho,severe,320.0,TwinGate+T2 vs Reactive+blindARQ,10,0.0,1.00000,1.00000,-0.3162,
narrow,can_tho,severe,320.0,TwinGate+T2 vs FixedSchedule,10,-3.1481,0.00195,0.00781,-0.8864,
narrow,can_tho,severe,400.0,TwinGate+T2 vs TwinGate+T2+centre,10,0.0,n/a,n/a,n/a,all-tie
narrow,can_tho,severe,400.0,TwinGate+T2 vs TwinGate+blindARQ,10,0.0,1.00000,1.00000,-1.0000,
narrow,can_tho,severe,400.0,TwinGate+T2 vs Reactive+T2,10,0.0,1.00000,1.00000,-1.0000,
narrow,can_tho,severe,400.0,TwinGate+T2 vs Reactive+blindARQ,10,0.0,1.00000,1.00000,-1.0000,
narrow,can_tho,severe,400.0,TwinGate+T2 vs FixedSchedule,10,0.0,0.43750,1.00000,-0.4221,
narrow,can_tho,severe,inf,TwinGate+T2 vs TwinGate+T2+centre,10,0.0,n/a,n/a,n/a,all-tie
narrow,can_tho,severe,inf,TwinGate+T2 vs TwinGate+blindARQ,10,0.0,1.00000,1.00000,-1.0000,
narrow,can_tho,severe,inf,TwinGate+T2 vs Reactive+T2,10,0.0,1.00000,1.00000,-1.0000,
narrow,can_tho,severe,inf,TwinGate+T2 vs Reactive+blindARQ,10,0.0,1.00000,1.00000,-1.0000,
narrow,can_tho,severe,inf,TwinGate+T2 vs FixedSchedule,10,0.0,1.00000,1.00000,-1.0000,
narrow,soc_trang,mild,80.0,TwinGate+T2 vs TwinGate+T2+centre,10,0.0,n/a,n/a,n/a,all-tie
narrow,soc_trang,mild,80.0,TwinGate+T2 vs TwinGate+blindARQ,10,-1.2269,0.01562,0.01562,-0.8944,
narrow,soc_trang,mild,80.0,TwinGate+T2 vs Reactive+T2,10,-7.1296,0.00195,0.00781,-0.8864,
narrow,soc_trang,mild,80.0,TwinGate+T2 vs Reactive+blindARQ,10,-7.1296,0.00195,0.00781,-0.8864,
narrow,soc_trang,mild,80.0,TwinGate+T2 vs FixedSchedule,10,-17.6389,0.00195,0.00781,-0.8864,
narrow,soc_trang,mild,160.0,TwinGate+T2 vs TwinGate+T2+centre,10,0.0,n/a,n/a,n/a,all-tie
narrow,soc_trang,mild,160.0,TwinGate+T2 vs TwinGate+blindARQ,10,-0.1852,0.01562,0.01562,-0.8944,
narrow,soc_trang,mild,160.0,TwinGate+T2 vs Reactive+T2,10,-5.4398,0.00195,0.00781,-0.8864,
narrow,soc_trang,mild,160.0,TwinGate+T2 vs Reactive+blindARQ,10,-5.4398,0.00195,0.00781,-0.8864,
narrow,soc_trang,mild,160.0,TwinGate+T2 vs FixedSchedule,10,-17.3843,0.00195,0.00781,-0.8864,
narrow,soc_trang,mild,240.0,TwinGate+T2 vs TwinGate+T2+centre,10,0.0,n/a,n/a,n/a,all-tie
narrow,soc_trang,mild,240.0,TwinGate+T2 vs TwinGate+blindARQ,10,0.0,0.50000,0.50000,-0.9487,
narrow,soc_trang,mild,240.0,TwinGate+T2 vs Reactive+T2,10,-6.6667,0.00195,0.00781,-0.8864,
narrow,soc_trang,mild,240.0,TwinGate+T2 vs Reactive+blindARQ,10,-6.6667,0.00195,0.00781,-0.8864,
narrow,soc_trang,mild,240.0,TwinGate+T2 vs FixedSchedule,10,-23.9815,0.00195,0.00781,-0.8864,
narrow,soc_trang,mild,320.0,TwinGate+T2 vs TwinGate+T2+centre,10,0.0,n/a,n/a,n/a,all-tie
narrow,soc_trang,mild,320.0,TwinGate+T2 vs TwinGate+blindARQ,10,0.0,n/a,n/a,n/a,all-tie
narrow,soc_trang,mild,320.0,TwinGate+T2 vs Reactive+T2,10,-0.5787,0.03125,0.03125,-0.8987,
narrow,soc_trang,mild,320.0,TwinGate+T2 vs Reactive+blindARQ,10,-0.6019,0.00781,0.01562,-0.8911,
narrow,soc_trang,mild,320.0,TwinGate+T2 vs FixedSchedule,10,-10.9722,0.00195,0.00586,-0.8864,
narrow,soc_trang,mild,400.0,TwinGate+T2 vs TwinGate+T2+centre,10,0.0,n/a,n/a,n/a,all-tie
narrow,soc_trang,mild,400.0,TwinGate+T2 vs TwinGate+blindARQ,10,0.0,n/a,n/a,n/a,all-tie
narrow,soc_trang,mild,400.0,TwinGate+T2 vs Reactive+T2,10,0.0,n/a,n/a,n/a,all-tie
narrow,soc_trang,mild,400.0,TwinGate+T2 vs Reactive+blindARQ,10,0.0,0.25000,0.25000,-0.9258,
narrow,soc_trang,mild,400.0,TwinGate+T2 vs FixedSchedule,10,-6.1806,0.00195,0.00391,-0.8864,
narrow,soc_trang,mild,inf,TwinGate+T2 vs TwinGate+T2+centre,10,0.0,n/a,n/a,n/a,all-tie
narrow,soc_trang,mild,inf,TwinGate+T2 vs TwinGate+blindARQ,10,0.0,n/a,n/a,n/a,all-tie
narrow,soc_trang,mild,inf,TwinGate+T2 vs Reactive+T2,10,0.0,n/a,n/a,n/a,all-tie
narrow,soc_trang,mild,inf,TwinGate+T2 vs Reactive+blindARQ,10,0.0,n/a,n/a,n/a,all-tie
narrow,soc_trang,mild,inf,TwinGate+T2 vs FixedSchedule,10,0.0,n/a,n/a,n/a,all-tie
narrow,soc_trang,severe,80.0,TwinGate+T2 vs TwinGate+T2+centre,10,0.0,n/a,n/a,n/a,all-tie
narrow,soc_trang,severe,80.0,TwinGate+T2 vs TwinGate+blindARQ,10,-0.9028,0.00781,0.00781,-0.8490,
narrow,soc_trang,severe,80.0,TwinGate+T2 vs Reactive+T2,10,-7.1296,0.00391,0.00781,-0.8542,
narrow,soc_trang,severe,80.0,TwinGate+T2 vs Reactive+blindARQ,10,-7.3611,0.00195,0.00781,-0.8864,
narrow,soc_trang,severe,80.0,TwinGate+T2 vs FixedSchedule,10,-17.8704,0.00195,0.00781,-0.8864,
narrow,soc_trang,severe,160.0,TwinGate+T2 vs TwinGate+T2+centre,10,0.0,n/a,n/a,n/a,all-tie
narrow,soc_trang,severe,160.0,TwinGate+T2 vs TwinGate+blindARQ,10,-0.4398,0.13477,0.13477,-0.4835,
narrow,soc_trang,severe,160.0,TwinGate+T2 vs Reactive+T2,10,-5.2778,0.00391,0.00781,-0.8542,
narrow,soc_trang,severe,160.0,TwinGate+T2 vs Reactive+blindARQ,10,-5.9028,0.00195,0.00781,-0.8864,
narrow,soc_trang,severe,160.0,TwinGate+T2 vs FixedSchedule,10,-20.162,0.00195,0.00781,-0.8864,
narrow,soc_trang,severe,240.0,TwinGate+T2 vs TwinGate+T2+centre,10,0.0,n/a,n/a,n/a,all-tie
narrow,soc_trang,severe,240.0,TwinGate+T2 vs TwinGate+blindARQ,10,0.0,0.50000,0.50000,-0.6172,
narrow,soc_trang,severe,240.0,TwinGate+T2 vs Reactive+T2,10,-1.2963,0.07031,0.14062,-0.6436,
narrow,soc_trang,severe,240.0,TwinGate+T2 vs Reactive+blindARQ,10,-6.6667,0.00195,0.00781,-0.8864,
narrow,soc_trang,severe,240.0,TwinGate+T2 vs FixedSchedule,10,-23.5648,0.00195,0.00781,-0.8864,
narrow,soc_trang,severe,320.0,TwinGate+T2 vs TwinGate+T2+centre,10,0.0,n/a,n/a,n/a,all-tie
narrow,soc_trang,severe,320.0,TwinGate+T2 vs TwinGate+blindARQ,10,0.0,0.50000,1.00000,-0.9487,
narrow,soc_trang,severe,320.0,TwinGate+T2 vs Reactive+T2,10,0.0,0.50000,1.00000,-0.6172,
narrow,soc_trang,severe,320.0,TwinGate+T2 vs Reactive+blindARQ,10,-0.5787,0.25000,0.75000,-0.4456,
narrow,soc_trang,severe,320.0,TwinGate+T2 vs FixedSchedule,10,-11.1574,0.00195,0.00781,-0.8864,
narrow,soc_trang,severe,400.0,TwinGate+T2 vs TwinGate+T2+centre,10,0.0,n/a,n/a,n/a,all-tie
narrow,soc_trang,severe,400.0,TwinGate+T2 vs TwinGate+blindARQ,10,0.0,0.50000,1.00000,-0.9487,
narrow,soc_trang,severe,400.0,TwinGate+T2 vs Reactive+T2,10,0.0,0.50000,1.00000,-0.9487,
narrow,soc_trang,severe,400.0,TwinGate+T2 vs Reactive+blindARQ,10,0.0,0.62500,1.00000,-0.3651,
narrow,soc_trang,severe,400.0,TwinGate+T2 vs FixedSchedule,10,-5.0463,0.00391,0.01562,-0.8542,
narrow,soc_trang,severe,inf,TwinGate+T2 vs TwinGate+T2+centre,10,0.0,n/a,n/a,n/a,all-tie
narrow,soc_trang,severe,inf,TwinGate+T2 vs TwinGate+blindARQ,10,0.0,0.50000,1.00000,-0.9487,
narrow,soc_trang,severe,inf,TwinGate+T2 vs Reactive+T2,10,0.0,0.50000,1.00000,-0.9487,
narrow,soc_trang,severe,inf,TwinGate+T2 vs Reactive+blindARQ,10,0.0,0.50000,1.00000,-0.9487,
narrow,soc_trang,severe,inf,TwinGate+T2 vs FixedSchedule,10,0.0,0.50000,1.00000,-0.9487,
